date,pharmacy,prescriber_reg,specialty,drug_line,qty
2026-08-01,PH-01,SMC-GP-1518,General practice,Clarithromycin 500 mg Tablets,15 cap
2026-08-01,PH-01,SMC-GP-1629,General practice,Amoxycillin 500 mg + Potassium Clavulanate 125 mg Tablets,3 tab
2026-08-01,PH-02,SMC-GP-1259,General practice,Amoxycillin 500 mg + Potassium Clavulanate 125 mg Tablets,5 cap
2026-08-01,PH-03,,Unregistered,Nitrofurantoin 100 mg Capsules,3 tab
2026-08-01,PH-03,SMC-PD-1740,Paediatrics,Wymox 500 Capsule,10 tab
2026-08-01,PH-04,SMC-EN-1999,ENT,Nitrofurantoin 100 mg Capsules,3 tab
2026-08-01,PH-04,SMC-GP-1074,General practice,Moxileb 250 DT,1 strip
2026-08-01,PH-04,SMC-GP-1444,General practice,Levofloxacin 500 mg Tablets,1 strip
2026-08-01,PH-04,SMC-PD-1703,Paediatrics,Amoxycillin 500 mg Capsules,1 strip
2026-08-01,PH-04,SMC-PD-1925,Paediatrics,Moxileb 250 DT,10 tab
2026-08-01,PH-05,,Unregistered,Ofloxacin 200mg & Ornidazole 500mg Tab,15 cap
2026-08-01,PH-05,SMC-EN-1962,ENT,Moxileb 250 DT,14 cap
2026-08-01,PH-05,SMC-GP-1148,General practice,Clavam 625,3 tab
2026-08-01,PH-05,SMC-GP-1407,General practice,Nitrofurantoin 100 mg Capsules,3 tab
2026-08-01,PH-05,SMC-GP-1407,General practice,Monocef-O 200,14 cap
2026-08-01,PH-05,SMC-GP-1592,General practice,Moxileb 250 DT,3 tab
2026-08-01,PH-05,SMC-GP-1629,General practice,Wymox 500 Capsule,15 cap
2026-08-01,PH-05,SMC-PD-1740,Paediatrics,Clarithromycin 500 mg Tablets,14 cap
2026-08-01,PH-05,SMC-PD-1777,Paediatrics,Wymox 500 Capsule,10 tab
2026-08-01,PH-06,SMC-EN-2036,ENT,Cephalexin 500 mg Capsules,10 tab
2026-08-01,PH-06,SMC-GP-1370,General practice,Clavam 625,1 strip
2026-08-01,PH-07,SMC-EN-2073,ENT,Doxycycline 100 mg Capsules,5 cap
2026-08-01,PH-08,SMC-GP-1592,General practice,Cefixime 200 mg Tablets IP,15 cap
2026-08-01,PH-08,SMC-GP-1629,General practice,Taxim-O 200 Tablet,5 cap
2026-08-01,PH-08,SMC-GP-1629,General practice,Cephalexin 500 mg Capsules,6 tab
2026-08-01,PH-08,SMC-GP-1629,General practice,Levofloxacin 500 mg Tablets,5 cap
2026-08-01,PH-08,SMC-PD-1703,Paediatrics,Amoxycillin 500 mg Capsules,5 cap
2026-08-01,PH-08,SMC-PD-1703,Paediatrics,Amoxycillin 500 mg Capsules,5 cap
2026-08-01,PH-08,SMC-PD-1703,Paediatrics,Doxycycline 100 mg Capsules,1 strip
2026-08-01,PH-08,SMC-PD-1703,Paediatrics,Amoxycillin 500 mg Capsules,3 tab
2026-08-01,PH-08,SMC-PD-1740,Paediatrics,Nitrofurantoin 100 mg Capsules,3 tab
2026-08-01,PH-09,,Unregistered,Ofloxacin 200 mg Tablets,14 cap
2026-08-01,PH-09,SMC-EN-1999,ENT,Wymox 500 Capsule,15 cap
2026-08-01,PH-09,SMC-EN-1999,ENT,Moxileb 250 DT,1 strip
2026-08-01,PH-09,SMC-GP-1074,General practice,Nitrofurantoin 100 mg Capsules,5 cap
2026-08-01,PH-09,SMC-GP-1185,General practice,Amoxycillin 500 mg Capsules,15 cap
2026-08-01,PH-09,SMC-GP-1185,General practice,Monocef-O 200,14 cap
2026-08-01,PH-09,SMC-GP-1370,General practice,Clavam 625,3 tab
2026-08-01,PH-09,SMC-GP-1370,General practice,Cephalexin 500 mg Capsules,10 tab
2026-08-01,PH-10,SMC-GP-1407,General practice,Ciprofloxacin 500 mg Tablets,10 tab
2026-08-01,PH-10,SMC-PD-1777,Paediatrics,Azithromycin 500 mg Tablets,15 cap
2026-08-01,PH-11,SMC-GP-1333,General practice,Amoxycillin 500 mg Capsules,6 tab
2026-08-01,PH-11,SMC-GP-1333,General practice,Nitrofurantoin 100 mg Capsules,1 strip
2026-08-01,PH-11,SMC-GP-1555,General practice,Cefixime 200 mg Tablets IP,14 cap
2026-08-01,PH-11,SMC-GP-1555,General practice,Amoxycillin 500 mg + Potassium Clavulanate 125 mg Tablets,1 strip
2026-08-01,PH-12,,Unregistered,Amoxycillin 500 mg Capsules,10 tab
2026-08-01,PH-12,,Unregistered,Nitrofurantoin 100 mg Capsules,1 strip
2026-08-01,PH-12,SMC-GP-1185,General practice,Amoxycillin 500 mg Capsules,14 cap
2026-08-01,PH-12,SMC-GP-1222,General practice,Levofloxacin 500 mg Tablets,6 tab
2026-08-01,PH-12,SMC-GP-1370,General practice,Ciprofloxacin 500 mg Tablets,14 cap
2026-08-01,PH-12,SMC-GP-1370,General practice,Wymox 500 Capsule,5 cap
2026-08-01,PH-12,SMC-GP-1518,General practice,Taxim-O 200 Tablet,1 strip
2026-08-01,PH-12,SMC-GP-1555,General practice,Moxileb 250 DT,15 cap
2026-08-01,PH-12,SMC-GP-1555,General practice,Azithromycin 500 mg Tablets,6 tab
2026-08-01,PH-12,SMC-PD-1888,Paediatrics,Clavam 625,15 cap
2026-08-02,PH-01,SMC-EN-1962,ENT,Cephalexin 500 mg Capsules,14 cap
2026-08-02,PH-01,SMC-GP-1629,General practice,Zifi 200 Tablet,6 tab
2026-08-02,PH-02,,Unregistered,Azithromycin 500 mg Tablets,5 cap
2026-08-02,PH-02,,Unregistered,Taxim-O 200 Tablet,14 cap
2026-08-02,PH-03,SMC-GP-1333,General practice,Amoxycillin 500 mg Capsules,3 tab
2026-08-02,PH-04,SMC-EN-2073,ENT,Cephalexin 500 mg Capsules,10 tab
2026-08-02,PH-04,SMC-GP-1222,General practice,Monocef-O 200,1 strip
2026-08-02,PH-04,SMC-GP-1222,General practice,Doxycycline 100 mg Capsules,10 tab
2026-08-02,PH-04,SMC-GP-1222,General practice,Cephalexin 500 mg Capsules,10 tab
2026-08-02,PH-04,SMC-GP-1444,General practice,Amoxycillin 500 mg Capsules,5 cap
2026-08-02,PH-04,SMC-GP-1666,General practice,Amoxycillin 500 mg + Potassium Clavulanate 125 mg Tablets,1 strip
2026-08-02,PH-04,SMC-PD-1888,Paediatrics,Clavam 625,6 tab
2026-08-02,PH-04,SMC-PD-1925,Paediatrics,Doxycycline 100 mg Capsules,15 cap
2026-08-02,PH-05,SMC-GP-1518,General practice,Amoxycillin 500 mg + Potassium Clavulanate 125 mg Tablets,10 tab
2026-08-02,PH-05,SMC-GP-1592,General practice,Amoxycillin 500 mg + Potassium Clavulanate 125 mg Tablets,5 cap
2026-08-02,PH-05,SMC-GP-1629,General practice,Wymox 500 Capsule,15 cap
2026-08-02,PH-05,SMC-PD-1740,Paediatrics,Ofloxacin 200 mg Tablets,6 tab
2026-08-02,PH-05,SMC-PD-1851,Paediatrics,Wymox 500 Capsule,6 tab
2026-08-02,PH-05,SMC-PD-1851,Paediatrics,Cefixime 200 mg Tablets IP,14 cap
2026-08-02,PH-06,,Unregistered,Taxim-O 200 Tablet,3 tab
2026-08-02,PH-06,SMC-EN-2036,ENT,Amoxycillin 500 mg Capsules,14 cap
2026-08-02,PH-06,SMC-EN-2036,ENT,Clavam 625,6 tab
2026-08-02,PH-06,SMC-GP-1111,General practice,Doxycycline 100 mg Capsules,5 cap
2026-08-02,PH-06,SMC-GP-1370,General practice,Clarithromycin 500 mg Tablets,6 tab
2026-08-02,PH-06,SMC-GP-1370,General practice,Doxycycline 100 mg Capsules,15 cap
2026-08-02,PH-06,SMC-GP-1370,General practice,Amoxycillin 500 mg + Potassium Clavulanate 125 mg Tablets,5 cap
2026-08-02,PH-06,SMC-GP-1444,General practice,Azithromycin 500 mg Tablets,15 cap
2026-08-02,PH-07,SMC-EN-2110,ENT,Moxileb 250 DT,10 tab
2026-08-02,PH-07,SMC-GP-1185,General practice,Cephalexin 500 mg Capsules,15 cap
2026-08-02,PH-07,SMC-GP-1185,General practice,Azithromycin 500 mg Tablets,5 cap
2026-08-02,PH-07,SMC-GP-1259,General practice,Cefixime 200 mg Tablets IP,6 tab
2026-08-02,PH-07,SMC-GP-1259,General practice,Faropenem 200 mg Tablets,3 tab
2026-08-02,PH-07,SMC-GP-1481,General practice,Cefixime 200 mg Tablets IP,15 cap
2026-08-02,PH-07,SMC-PD-1814,Paediatrics,Amoxycillin 500 mg + Potassium Clavulanate 125 mg Tablets,5 cap
2026-08-02,PH-08,SMC-EN-1999,ENT,Doxycycline 100 mg Capsules,14 cap
2026-08-02,PH-08,SMC-GP-1629,General practice,Amoxycillin 500 mg + Potassium Clavulanate 125 mg Tablets,14 cap
2026-08-02,PH-08,SMC-PD-1703,Paediatrics,Clarithromycin 500 mg Tablets,15 cap
2026-08-02,PH-08,SMC-PD-1740,Paediatrics,Levofloxacin 500 mg Tablets,15 cap
2026-08-02,PH-09,SMC-EN-1999,ENT,Amoxycillin 500 mg Capsules,5 cap
2026-08-02,PH-09,SMC-GP-1148,General practice,Ofloxacin 200mg & Ornidazole 500mg Tab,1 strip
2026-08-02,PH-09,SMC-GP-1185,General practice,Nitrofurantoin 100 mg Capsules,6 tab
2026-08-02,PH-09,SMC-GP-1481,General practice,Doxycycline 100 mg Capsules,14 cap
2026-08-02,PH-09,SMC-PD-1925,Paediatrics,Wymox 500 Capsule,3 tab
2026-08-02,PH-10,,Unregistered,Ofloxacin 200 mg Tablets,15 cap
2026-08-02,PH-10,,Unregistered,Cephalexin 500 mg Capsules,5 cap
2026-08-02,PH-10,SMC-GP-1074,General practice,Cephalexin 500 mg Capsules,5 cap
2026-08-02,PH-10,SMC-GP-1074,General practice,Moxileb 250 DT,1 strip
2026-08-02,PH-10,SMC-PD-1777,Paediatrics,Wymox 500 Capsule,14 cap
2026-08-02,PH-11,,Unregistered,Levofloxacin 500 mg Tablets,14 cap
2026-08-02,PH-12,SMC-GP-1185,General practice,Levofloxacin 500 mg Tablets,15 cap
2026-08-02,PH-12,SMC-GP-1185,General practice,Cephalexin 500 mg Capsules,1 strip
2026-08-02,PH-12,SMC-GP-1185,General practice,Clarithromycin 500 mg Tablets,15 cap
2026-08-02,PH-12,SMC-GP-1518,General practice,Azithromycin 500 mg Tablets,5 cap
2026-08-02,PH-12,SMC-GP-1518,General practice,Amoxycillin 500 mg Capsules,10 tab
2026-08-02,PH-12,SMC-GP-1666,General practice,Moxileb 250 DT,1 strip
2026-08-02,PH-12,SMC-PD-1888,Paediatrics,Clavam 625,1 strip
2026-08-03,PH-01,,Unregistered,Cefixime 200 mg + Ofloxacin 200 mg Tablets,15 cap
2026-08-03,PH-02,SMC-PD-1777,Paediatrics,Cephalexin 500 mg Capsules,6 tab
2026-08-03,PH-02,SMC-PD-1851,Paediatrics,Cephalexin 500 mg Capsules,6 tab
2026-08-03,PH-02,SMC-PD-1851,Paediatrics,Monocef-O 200,1 strip
2026-08-03,PH-03,SMC-GP-1592,General practice,Cephalexin 500 mg Capsules,5 cap
2026-08-03,PH-04,SMC-EN-1999,ENT,Azithromycin 500 mg Tablets,10 tab
2026-08-03,PH-04,SMC-EN-1999,ENT,Amoxycillin 500 mg + Potassium Clavulanate 125 mg Tablets,1 strip
2026-08-03,PH-04,SMC-GP-1222,General practice,Doxycycline 100 mg Capsules,14 cap
2026-08-03,PH-04,SMC-GP-1222,General practice,Wymox 500 Capsule,3 tab
2026-08-03,PH-04,SMC-GP-1222,General practice,Cefixime 200 mg + Ofloxacin 200 mg Tablets,15 cap
2026-08-03,PH-04,SMC-GP-1444,General practice,Azithromycin 500 mg Tablets,15 cap
2026-08-03,PH-04,SMC-GP-1444,General practice,Taxim-O 200 Tablet,14 cap
2026-08-03,PH-04,SMC-GP-1666,General practice,Levofloxacin 500 mg Tablets,5 cap
2026-08-03,PH-04,SMC-PD-1703,Paediatrics,Ciprofloxacin 500 mg Tablets,15 cap
2026-08-03,PH-04,SMC-PD-1925,Paediatrics,Clavam 625,5 cap
2026-08-03,PH-05,,Unregistered,Cefuroxime 500 mg Tablets,5 cap
2026-08-03,PH-05,SMC-GP-1148,General practice,Cefixime 200 mg + Ofloxacin 200 mg Tablets,5 cap
2026-08-03,PH-05,SMC-GP-1148,General practice,Wymox 500 Capsule,6 tab
2026-08-03,PH-05,SMC-GP-1407,General practice,Ofloxacin 200 mg Tablets,15 cap
2026-08-03,PH-05,SMC-GP-1518,General practice,Ofloxacin 200 mg Tablets,1 strip
2026-08-03,PH-05,SMC-GP-1555,General practice,Azithromycin 500 mg Tablets,3 tab
2026-08-03,PH-05,SMC-GP-1629,General practice,Clavam 625,6 tab
2026-08-03,PH-05,SMC-PD-1740,Paediatrics,Nitrofurantoin 100 mg Capsules,3 tab
2026-08-03,PH-05,SMC-PD-1777,Paediatrics,Cephalexin 500 mg Capsules,6 tab
2026-08-03,PH-05,SMC-PD-1777,Paediatrics,Taxim-O 200 Tablet,15 cap
2026-08-03,PH-06,,Unregistered,Cefuroxime 500 mg Tablets,1 strip
2026-08-03,PH-06,SMC-GP-1111,General practice,Nitrofurantoin 100 mg Capsules,10 tab
2026-08-03,PH-06,SMC-GP-1296,General practice,Monocef-O 200,10 tab
2026-08-03,PH-07,SMC-EN-2073,ENT,Wymox 500 Capsule,6 tab
2026-08-03,PH-07,SMC-GP-1037,General practice,Levofloxacin 500 mg Tablets,5 cap
2026-08-03,PH-07,SMC-GP-1185,General practice,Amoxycillin 500 mg Capsules,15 cap
2026-08-03,PH-07,SMC-GP-1185,General practice,Clavam 625,5 cap
2026-08-03,PH-07,SMC-GP-1481,General practice,Levofloxacin 500 mg Tablets,15 cap
2026-08-03,PH-07,SMC-PD-1814,Paediatrics,Amoxycillin 500 mg + Potassium Clavulanate 125 mg Tablets,10 tab
2026-08-03,PH-08,,Unregistered,Monocef-O 200,10 tab
2026-08-03,PH-08,SMC-EN-2036,ENT,Doxycycline 100 mg Capsules,5 cap
2026-08-03,PH-08,SMC-EN-2036,ENT,Cephalexin 500 mg Capsules,14 cap
2026-08-03,PH-08,SMC-EN-2036,ENT,Doxycycline 100 mg Capsules,5 cap
2026-08-03,PH-08,SMC-EN-2036,ENT,Azithromycin 500 mg Tablets,14 cap
2026-08-03,PH-08,SMC-GP-1333,General practice,Clarithromycin 500 mg Tablets,5 cap
2026-08-03,PH-08,SMC-GP-1407,General practice,Moxileb 250 DT,15 cap
2026-08-03,PH-08,SMC-PD-1703,Paediatrics,Clavam 625,1 strip
2026-08-03,PH-09,SMC-GP-1037,General practice,Cephalexin 500 mg Capsules,14 cap
2026-08-03,PH-09,SMC-GP-1185,General practice,Monocef-O 200,14 cap
2026-08-03,PH-09,SMC-GP-1185,General practice,Moxileb 250 DT,15 cap
2026-08-03,PH-09,SMC-GP-1370,General practice,Cephalexin 500 mg Capsules,14 cap
2026-08-03,PH-09,SMC-GP-1370,General practice,Amoxycillin 500 mg + Potassium Clavulanate 125 mg Tablets,14 cap
2026-08-03,PH-09,SMC-GP-1481,General practice,Cephalexin 500 mg Capsules,3 tab
2026-08-03,PH-10,,Unregistered,Clarithromycin 500 mg Tablets,3 tab
2026-08-03,PH-10,SMC-EN-2110,ENT,Clarithromycin 500 mg Tablets,3 tab
2026-08-03,PH-10,SMC-GP-1074,General practice,Amoxycillin 500 mg Capsules,15 cap
2026-08-03,PH-10,SMC-GP-1407,General practice,Cefixime 200 mg Tablets IP,6 tab
2026-08-03,PH-10,SMC-GP-1481,General practice,Nitrofurantoin 100 mg Capsules,15 cap
2026-08-03,PH-10,SMC-PD-1814,Paediatrics,Clarithromycin 500 mg Tablets,15 cap
2026-08-03,PH-11,SMC-GP-1037,General practice,Amoxycillin 500 mg Capsules,5 cap
2026-08-03,PH-11,SMC-GP-1555,General practice,Cefuroxime 500 mg Tablets,5 cap
2026-08-03,PH-11,SMC-GP-1555,General practice,Clarithromycin 500 mg Tablets,5 cap
2026-08-03,PH-12,SMC-GP-1370,General practice,Nitrofurantoin 100 mg Capsules,10 tab
2026-08-03,PH-12,SMC-GP-1370,General practice,Moxileb 250 DT,5 cap
2026-08-03,PH-12,SMC-GP-1370,General practice,Clavam 625,14 cap
2026-08-03,PH-12,SMC-PD-1888,Paediatrics,Monocef-O 200,5 cap
2026-08-04,PH-01,SMC-PD-1888,Paediatrics,Amoxycillin 500 mg + Potassium Clavulanate 125 mg Tablets,15 cap
2026-08-04,PH-02,SMC-GP-1259,General practice,Nitrofurantoin 100 mg Capsules,3 tab
2026-08-04,PH-02,SMC-PD-1777,Paediatrics,Amoxycillin 500 mg + Potassium Clavulanate 125 mg Tablets,15 cap
2026-08-04,PH-02,SMC-PD-1851,Paediatrics,Clavam 625,3 tab
2026-08-04,PH-04,,Unregistered,Amoxycillin 500 mg Capsules,3 tab
2026-08-04,PH-04,SMC-EN-1999,ENT,Amoxycillin 500 mg Capsules,3 tab
2026-08-04,PH-04,SMC-EN-1999,ENT,Amoxycillin 500 mg Capsules,15 cap
2026-08-04,PH-04,SMC-GP-1074,General practice,Clarithromycin 500 mg Tablets,14 cap
2026-08-04,PH-04,SMC-GP-1666,General practice,Azithromycin 500 mg Tablets,10 tab
2026-08-04,PH-04,SMC-PD-1925,Paediatrics,Moxileb 250 DT,14 cap
2026-08-04,PH-05,SMC-EN-2110,ENT,Amoxycillin 500 mg + Potassium Clavulanate 125 mg Tablets,10 tab
2026-08-04,PH-05,SMC-GP-1407,General practice,Levofloxacin 500 mg Tablets,6 tab
2026-08-04,PH-05,SMC-GP-1407,General practice,Clavam 625,14 cap
2026-08-04,PH-05,SMC-GP-1518,General practice,Wymox 500 Capsule,6 tab
2026-08-04,PH-05,SMC-GP-1555,General practice,Wymox 500 Capsule,10 tab
2026-08-04,PH-05,SMC-GP-1555,General practice,Cefixime 200 mg Tablets IP,5 cap
2026-08-04,PH-05,SMC-PD-1851,Paediatrics,Wymox 500 Capsule,15 cap
2026-08-04,PH-06,SMC-EN-2036,ENT,Clavam 625,10 tab
2026-08-04,PH-06,SMC-GP-1111,General practice,Cephalexin 500 mg Capsules,10 tab
2026-08-04,PH-06,SMC-GP-1296,General practice,Amoxycillin 500 mg Capsules,3 tab
2026-08-04,PH-06,SMC-GP-1370,General practice,Cephalexin 500 mg Capsules,6 tab
2026-08-04,PH-06,SMC-GP-1370,General practice,Wymox 500 Capsule,10 tab
2026-08-04,PH-07,SMC-EN-2073,ENT,Amoxycillin 500 mg + Potassium Clavulanate 125 mg Tablets,3 tab
2026-08-04,PH-07,SMC-EN-2110,ENT,Levofloxacin 500 mg Tablets,1 strip
2026-08-04,PH-07,SMC-EN-2110,ENT,Moxileb 250 DT,14 cap
2026-08-04,PH-07,SMC-GP-1148,General practice,Clavam 625,1 strip
2026-08-04,PH-07,SMC-GP-1148,General practice,Monocef-O 200,3 tab
2026-08-04,PH-07,SMC-GP-1185,General practice,Wymox 500 Capsule,10 tab
2026-08-04,PH-07,SMC-GP-1259,General practice,Taxim-O 200 Tablet,14 cap
2026-08-04,PH-07,SMC-GP-1259,General practice,Wymox 500 Capsule,6 tab
2026-08-04,PH-07,SMC-GP-1259,General practice,Clavam 625,14 cap
2026-08-04,PH-07,SMC-GP-1481,General practice,Ofloxacin 200 mg Tablets,10 tab
2026-08-04,PH-07,SMC-GP-1481,General practice,Amoxycillin 500 mg + Potassium Clavulanate 125 mg Tablets,14 cap
2026-08-04,PH-07,SMC-PD-1814,Paediatrics,Ofloxacin 200 mg Tablets,6 tab
2026-08-04,PH-07,SMC-PD-1814,Paediatrics,Amoxycillin 500 mg + Potassium Clavulanate 125 mg Tablets,1 strip
2026-08-04,PH-08,SMC-GP-1407,General practice,Cephalexin 500 mg Capsules,14 cap
2026-08-04,PH-08,SMC-GP-1407,General practice,Doxycycline 100 mg Capsules,6 tab
2026-08-04,PH-08,SMC-GP-1407,General practice,Cefixime 200 mg Tablets IP,6 tab
2026-08-04,PH-08,SMC-PD-1703,Paediatrics,Clavam 625,3 tab
2026-08-04,PH-08,SMC-PD-1703,Paediatrics,Amoxycillin 500 mg + Potassium Clavulanate 125 mg Tablets,10 tab
2026-08-04,PH-08,SMC-PD-1740,Paediatrics,Nitrofurantoin 100 mg Capsules,15 cap
2026-08-04,PH-09,,Unregistered,Clarithromycin 500 mg Tablets,15 cap
2026-08-04,PH-09,SMC-GP-1148,General practice,Levofloxacin 500 mg Tablets,14 cap
2026-08-04,PH-09,SMC-GP-1370,General practice,Amoxycillin 500 mg Capsules,5 cap
2026-08-04,PH-09,SMC-GP-1481,General practice,Amoxycillin 500 mg Capsules,10 tab
2026-08-04,PH-09,SMC-PD-1851,Paediatrics,Clavam 625,10 tab
2026-08-04,PH-10,SMC-PD-1777,Paediatrics,Clavam 625,14 cap
2026-08-04,PH-11,SMC-GP-1555,General practice,Azithromycin 500 mg Tablets,1 strip
2026-08-04,PH-11,SMC-GP-1555,General practice,Cephalexin 500 mg Capsules,6 tab
2026-08-04,PH-11,SMC-PD-1814,Paediatrics,Amoxycillin 500 mg Capsules,14 cap
2026-08-04,PH-12,SMC-EN-2036,ENT,Taxim-O 200 Tablet,5 cap
2026-08-04,PH-12,SMC-GP-1185,General practice,Amoxycillin 500 mg + Potassium Clavulanate 125 mg Tablets,6 tab
2026-08-04,PH-12,SMC-GP-1518,General practice,Moxileb 250 DT,5 cap
2026-08-04,PH-12,SMC-GP-1518,General practice,Wymox 500 Capsule,15 cap
2026-08-04,PH-12,SMC-GP-1518,General practice,Amoxycillin 500 mg Capsules,14 cap
2026-08-04,PH-12,SMC-GP-1555,General practice,Amoxycillin 500 mg + Potassium Clavulanate 125 mg Tablets,3 tab
2026-08-04,PH-12,SMC-GP-1555,General practice,Clarithromycin 500 mg Tablets,15 cap
2026-08-05,PH-01,SMC-EN-1962,ENT,Moxileb 250 DT,14 cap
2026-08-05,PH-01,SMC-GP-1518,General practice,Ofloxacin 200 mg Tablets,3 tab
2026-08-05,PH-01,SMC-PD-1703,Paediatrics,Azithromycin 500 mg Tablets,3 tab
2026-08-05,PH-01,SMC-PD-1888,Paediatrics,Cefixime 200 mg + Ofloxacin 200 mg Tablets,3 tab
2026-08-05,PH-02,SMC-PD-1777,Paediatrics,Cephalexin 500 mg Capsules,1 strip
2026-08-05,PH-03,SMC-GP-1259,General practice,Amoxycillin 500 mg Capsules,1 strip
2026-08-05,PH-04,SMC-EN-1999,ENT,Clavam 625,15 cap
2026-08-05,PH-04,SMC-GP-1074,General practice,Clavam 625,10 tab
2026-08-05,PH-04,SMC-GP-1074,General practice,Cefixime 200 mg + Ofloxacin 200 mg Tablets,15 cap
2026-08-05,PH-04,SMC-GP-1074,General practice,Levofloxacin 500 mg Tablets,10 tab
2026-08-05,PH-04,SMC-GP-1444,General practice,Clarithromycin 500 mg Tablets,14 cap
2026-08-05,PH-04,SMC-GP-1444,General practice,Taxim-O 200 Tablet,14 cap
2026-08-05,PH-04,SMC-PD-1925,Paediatrics,Doxycycline 100 mg Capsules,5 cap
2026-08-05,PH-05,,Unregistered,Amoxycillin 500 mg Capsules,6 tab
2026-08-05,PH-05,SMC-EN-2110,ENT,Cefuroxime 500 mg Tablets,15 cap
2026-08-05,PH-05,SMC-GP-1148,General practice,Doxycycline 100 mg Capsules,14 cap
2026-08-05,PH-05,SMC-GP-1148,General practice,Levofloxacin 500 mg Tablets,1 strip
2026-08-05,PH-05,SMC-GP-1555,General practice,Wymox 500 Capsule,1 strip
2026-08-05,PH-05,SMC-PD-1740,Paediatrics,Cephalexin 500 mg Capsules,6 tab
2026-08-05,PH-05,SMC-PD-1851,Paediatrics,Cefixime 200 mg Tablets IP,6 tab
2026-08-05,PH-05,SMC-PD-1851,Paediatrics,Clarithromycin 500 mg Tablets,6 tab
2026-08-05,PH-06,SMC-EN-1962,ENT,Azithromycin 500 mg Tablets,10 tab
2026-08-05,PH-06,SMC-EN-1962,ENT,Amoxycillin 500 mg Capsules,15 cap
2026-08-05,PH-06,SMC-EN-2036,ENT,Moxileb 250 DT,5 cap
2026-08-05,PH-06,SMC-EN-2036,ENT,Doxycycline 100 mg Capsules,14 cap
2026-08-05,PH-07,SMC-EN-2110,ENT,Amoxycillin 500 mg + Potassium Clavulanate 125 mg Tablets,1 strip
2026-08-05,PH-07,SMC-EN-2110,ENT,Clarithromycin 500 mg Tablets,6 tab
2026-08-05,PH-07,SMC-GP-1185,General practice,Taxim-O 200 Tablet,3 tab
2026-08-05,PH-07,SMC-GP-1185,General practice,Cephalexin 500 mg Capsules,3 tab
2026-08-05,PH-07,SMC-GP-1259,General practice,Nitrofurantoin 100 mg Capsules,6 tab
2026-08-05,PH-07,SMC-PD-1925,Paediatrics,Cefuroxime 500 mg Tablets,10 tab
2026-08-05,PH-08,SMC-EN-2036,ENT,Amoxycillin 500 mg Capsules,1 strip
2026-08-05,PH-08,SMC-GP-1629,General practice,Amoxycillin 500 mg Capsules,6 tab
2026-08-05,PH-08,SMC-PD-1703,Paediatrics,Ofloxacin 200 mg Tablets,6 tab
2026-08-05,PH-08,SMC-PD-1703,Paediatrics,Clavam 625,1 strip
2026-08-05,PH-08,SMC-PD-1740,Paediatrics,Clavam 625,14 cap
2026-08-05,PH-09,SMC-EN-1999,ENT,Monocef-O 200,5 cap
2026-08-05,PH-09,SMC-GP-1296,General practice,Amoxycillin 500 mg + Potassium Clavulanate 125 mg Tablets,5 cap
2026-08-05,PH-09,SMC-GP-1370,General practice,Monocef-O 200,5 cap
2026-08-05,PH-10,SMC-EN-2110,ENT,Clarithromycin 500 mg Tablets,14 cap
2026-08-05,PH-10,SMC-EN-2110,ENT,Moxileb 250 DT,10 tab
2026-08-05,PH-10,SMC-GP-1074,General practice,Levofloxacin 500 mg Tablets,6 tab
2026-08-05,PH-10,SMC-GP-1481,General practice,Cephalexin 500 mg Capsules,6 tab
2026-08-05,PH-10,SMC-PD-1777,Paediatrics,Amoxycillin 500 mg + Potassium Clavulanate 125 mg Tablets,6 tab
2026-08-05,PH-11,SMC-GP-1222,General practice,Doxycycline 100 mg Capsules,15 cap
2026-08-05,PH-11,SMC-GP-1222,General practice,Clavam 625,10 tab
2026-08-05,PH-11,SMC-GP-1555,General practice,Cefuroxime 500 mg Tablets,14 cap
2026-08-05,PH-11,SMC-PD-1814,Paediatrics,Cefuroxime 500 mg Tablets,3 tab
2026-08-05,PH-12,SMC-EN-2036,ENT,Amoxycillin 500 mg Capsules,15 cap
2026-08-05,PH-12,SMC-GP-1222,General practice,Amoxycillin 500 mg + Potassium Clavulanate 125 mg Tablets,10 tab
2026-08-05,PH-12,SMC-GP-1370,General practice,Clavam 625,5 cap
2026-08-05,PH-12,SMC-GP-1370,General practice,Azithromycin 500 mg Tablets,14 cap
2026-08-05,PH-12,SMC-GP-1555,General practice,Zifi 200 Tablet,15 cap
2026-08-05,PH-12,SMC-GP-1666,General practice,Cephalexin 500 mg Capsules,15 cap
2026-08-06,PH-01,SMC-GP-1518,General practice,Clavam 625,10 tab
2026-08-06,PH-01,SMC-PD-1888,Paediatrics,Doxycycline 100 mg Capsules,3 tab
2026-08-06,PH-02,SMC-GP-1259,General practice,Cephalexin 500 mg Capsules,6 tab
2026-08-06,PH-03,SMC-GP-1259,General practice,Nitrofurantoin 100 mg Capsules,10 tab
2026-08-06,PH-04,,Unregistered,Clarithromycin 500 mg Tablets,10 tab
2026-08-06,PH-04,SMC-EN-1999,ENT,Wymox 500 Capsule,3 tab
2026-08-06,PH-04,SMC-GP-1074,General practice,Taxim-O 200 Tablet,6 tab
2026-08-06,PH-04,SMC-PD-1703,Paediatrics,Moxileb 250 DT,5 cap
2026-08-06,PH-05,SMC-EN-2110,ENT,Levofloxacin 500 mg Tablets,3 tab
2026-08-06,PH-05,SMC-GP-1111,General practice,Azithromycin 500 mg Tablets,14 cap
2026-08-06,PH-05,SMC-GP-1555,General practice,Amoxycillin 500 mg Capsules,6 tab
2026-08-06,PH-05,SMC-GP-1629,General practice,Cephalexin 500 mg Capsules,6 tab
2026-08-06,PH-05,SMC-PD-1740,Paediatrics,Azithromycin 500 mg Tablets,1 strip
2026-08-06,PH-05,SMC-PD-1777,Paediatrics,Amoxycillin 500 mg Capsules,5 cap
2026-08-06,PH-06,,Unregistered,Cefuroxime 500 mg Tablets,6 tab
2026-08-06,PH-06,SMC-EN-1962,ENT,Amoxycillin 500 mg Capsules,15 cap
2026-08-06,PH-06,SMC-EN-1962,ENT,Cephalexin 500 mg Capsules,10 tab
2026-08-06,PH-06,SMC-EN-2036,ENT,Amoxycillin 500 mg Capsules,10 tab
2026-08-06,PH-06,SMC-GP-1444,General practice,Clarithromycin 500 mg Tablets,10 tab
2026-08-06,PH-07,,Unregistered,Levofloxacin 500 mg Tablets,14 cap
2026-08-06,PH-07,SMC-EN-2073,ENT,Amoxycillin 500 mg Capsules,5 cap
2026-08-06,PH-07,SMC-EN-2110,ENT,Monocef-O 200,14 cap
2026-08-06,PH-07,SMC-GP-1148,General practice,Clavam 625,5 cap
2026-08-06,PH-07,SMC-GP-1259,General practice,Wymox 500 Capsule,1 strip
2026-08-06,PH-07,SMC-GP-1481,General practice,Doxycycline 100 mg Capsules,14 cap
2026-08-06,PH-08,,Unregistered,Ciprofloxacin 500 mg Tablets,3 tab
2026-08-06,PH-08,SMC-EN-1999,ENT,Ofloxacin 200 mg Tablets,10 tab
2026-08-06,PH-08,SMC-EN-1999,ENT,Cephalexin 500 mg Capsules,15 cap
2026-08-06,PH-08,SMC-EN-2036,ENT,Wymox 500 Capsule,1 strip
2026-08-06,PH-08,SMC-GP-1407,General practice,Levofloxacin 500 mg Tablets,3 tab
2026-08-06,PH-08,SMC-PD-1740,Paediatrics,Amoxycillin 500 mg + Potassium Clavulanate 125 mg Tablets,5 cap
2026-08-06,PH-09,,Unregistered,Taxim-O 200 Tablet,3 tab
2026-08-06,PH-09,SMC-GP-1074,General practice,Monocef-O 200,3 tab
2026-08-06,PH-09,SMC-GP-1074,General practice,Clavam 625,6 tab
2026-08-06,PH-09,SMC-GP-1481,General practice,Wymox 500 Capsule,10 tab
2026-08-06,PH-09,SMC-GP-1481,General practice,Amoxycillin 500 mg + Potassium Clavulanate 125 mg Tablets,14 cap
2026-08-06,PH-10,,Unregistered,Cefixime 200 mg + Ofloxacin 200 mg Tablets,5 cap
2026-08-06,PH-10,SMC-GP-1074,General practice,Doxycycline 100 mg Capsules,15 cap
2026-08-06,PH-10,SMC-GP-1407,General practice,Ofloxacin 200 mg Tablets,5 cap
2026-08-06,PH-10,SMC-GP-1407,General practice,Moxileb 250 DT,3 tab
2026-08-06,PH-10,SMC-GP-1481,General practice,Clavam 625,14 cap
2026-08-06,PH-10,SMC-PD-1777,Paediatrics,Clavam 625,3 tab
2026-08-06,PH-11,,Unregistered,Amoxycillin 500 mg Capsules,3 tab
2026-08-06,PH-11,SMC-GP-1222,General practice,Doxycycline 100 mg Capsules,10 tab
2026-08-06,PH-11,SMC-GP-1555,General practice,Amoxycillin 500 mg Capsules,10 tab
2026-08-06,PH-11,SMC-PD-1814,Paediatrics,Monocef-O 200,3 tab
2026-08-06,PH-12,SMC-EN-2036,ENT,Moxileb 250 DT,10 tab
2026-08-06,PH-12,SMC-EN-2036,ENT,Levofloxacin 500 mg Tablets,1 strip
2026-08-06,PH-12,SMC-EN-2036,ENT,Clavam 625,1 strip
2026-08-06,PH-12,SMC-EN-2036,ENT,Nitrofurantoin 100 mg Capsules,10 tab
2026-08-06,PH-12,SMC-GP-1222,General practice,Wymox 500 Capsule,5 cap
2026-08-06,PH-12,SMC-GP-1518,General practice,Taxim-O 200 Tablet,10 tab
2026-08-07,PH-01,,Unregistered,Taxim-O 200 Tablet,3 tab
2026-08-07,PH-01,SMC-PD-1703,Paediatrics,Moxileb 250 DT,1 strip
2026-08-07,PH-02,SMC-GP-1259,General practice,Cefuroxime 500 mg Tablets,1 strip
2026-08-07,PH-02,SMC-PD-1851,Paediatrics,Ofloxacin 200 mg Tablets,6 tab
2026-08-07,PH-02,SMC-PD-1851,Paediatrics,Azithromycin 500 mg Tablets,5 cap
2026-08-07,PH-02,SMC-PD-1851,Paediatrics,Taxim-O 200 Tablet,15 cap
2026-08-07,PH-02,SMC-PD-1851,Paediatrics,Nitrofurantoin 100 mg Capsules,14 cap
2026-08-07,PH-03,SMC-GP-1111,General practice,Ofloxacin 200mg & Ornidazole 500mg Tab,5 cap
2026-08-07,PH-04,SMC-EN-2073,ENT,Ofloxacin 200 mg Tablets,14 cap
2026-08-07,PH-04,SMC-GP-1074,General practice,Ofloxacin 200 mg Tablets,6 tab
2026-08-07,PH-04,SMC-GP-1444,General practice,Amoxycillin 500 mg + Potassium Clavulanate 125 mg Tablets,5 cap
2026-08-07,PH-05,SMC-EN-1962,ENT,Nitrofurantoin 100 mg Capsules,1 strip
2026-08-07,PH-05,SMC-GP-1111,General practice,Cephalexin 500 mg Capsules,14 cap
2026-08-07,PH-05,SMC-GP-1148,General practice,Moxileb 250 DT,3 tab
2026-08-07,PH-05,SMC-GP-1407,General practice,Amoxycillin 500 mg Capsules,15 cap
2026-08-07,PH-05,SMC-GP-1407,General practice,Nitrofurantoin 100 mg Capsules,15 cap
2026-08-07,PH-05,SMC-GP-1592,General practice,Levofloxacin 500 mg Tablets,14 cap
2026-08-07,PH-05,SMC-PD-1777,Paediatrics,Taxim-O 200 Tablet,6 tab
2026-08-07,PH-05,SMC-PD-1777,Paediatrics,Ofloxacin 200mg & Ornidazole 500mg Tab,6 tab
2026-08-07,PH-05,SMC-PD-1777,Paediatrics,Ofloxacin 200mg & Ornidazole 500mg Tab,14 cap
2026-08-07,PH-05,SMC-PD-1851,Paediatrics,Moxileb 250 DT,6 tab
2026-08-07,PH-06,SMC-EN-1962,ENT,Clavam 625,14 cap
2026-08-07,PH-06,SMC-GP-1111,General practice,Monocef-O 200,10 tab
2026-08-07,PH-06,SMC-GP-1370,General practice,Doxycycline 100 mg Capsules,6 tab
2026-08-07,PH-06,SMC-GP-1370,General practice,Cephalexin 500 mg Capsules,5 cap
2026-08-07,PH-06,SMC-GP-1444,General practice,Ofloxacin 200 mg Tablets,15 cap
2026-08-07,PH-07,SMC-EN-2110,ENT,Nitrofurantoin 100 mg Capsules,1 strip
2026-08-07,PH-07,SMC-EN-2110,ENT,Levofloxacin 500 mg Tablets,10 tab
2026-08-07,PH-07,SMC-GP-1037,General practice,Wymox 500 Capsule,1 strip
2026-08-07,PH-08,,Unregistered,Levofloxacin 500 mg Tablets,15 cap
2026-08-07,PH-08,SMC-EN-1999,ENT,Azithromycin 500 mg Tablets,15 cap
2026-08-07,PH-08,SMC-EN-1999,ENT,Ofloxacin 200 mg Tablets,10 tab
2026-08-07,PH-08,SMC-GP-1407,General practice,Wymox 500 Capsule,3 tab
2026-08-07,PH-09,SMC-EN-1999,ENT,Amoxycillin 500 mg Capsules,10 tab
2026-08-07,PH-09,SMC-EN-1999,ENT,Amoxycillin 500 mg Capsules,14 cap
2026-08-07,PH-09,SMC-GP-1185,General practice,Doxycycline 100 mg Capsules,10 tab
2026-08-07,PH-09,SMC-GP-1296,General practice,Cefuroxime 500 mg Tablets,6 tab
2026-08-07,PH-09,SMC-PD-1851,Paediatrics,Doxycycline 100 mg Capsules,1 strip
2026-08-07,PH-10,,Unregistered,Ofloxacin 200 mg Tablets,15 cap
2026-08-07,PH-10,SMC-EN-2110,ENT,Taxim-O 200 Tablet,15 cap
2026-08-07,PH-10,SMC-GP-1407,General practice,Amoxycillin 500 mg + Potassium Clavulanate 125 mg Tablets,3 tab
2026-08-07,PH-10,SMC-GP-1407,General practice,Cephalexin 500 mg Capsules,5 cap
2026-08-07,PH-11,SMC-GP-1222,General practice,Clavam 625,1 strip
2026-08-07,PH-11,SMC-GP-1222,General practice,Amoxycillin 500 mg Capsules,10 tab
2026-08-07,PH-11,SMC-GP-1222,General practice,Doxycycline 100 mg Capsules,5 cap
2026-08-07,PH-11,SMC-PD-1814,Paediatrics,Cephalexin 500 mg Capsules,3 tab
2026-08-07,PH-12,SMC-EN-2036,ENT,Clavam 625,1 strip
2026-08-07,PH-12,SMC-GP-1222,General practice,Nitrofurantoin 100 mg Capsules,5 cap
2026-08-07,PH-12,SMC-GP-1555,General practice,Nitrofurantoin 100 mg Capsules,14 cap
2026-08-08,PH-01,SMC-GP-1629,General practice,Clavam 625,10 tab
2026-08-08,PH-01,SMC-GP-1629,General practice,Levofloxacin 500 mg Tablets,6 tab
2026-08-08,PH-02,,Unregistered,Moxileb 250 DT,1 strip
2026-08-08,PH-02,SMC-GP-1259,General practice,Clarithromycin 500 mg Tablets,1 strip
2026-08-08,PH-03,,Unregistered,Nitrofurantoin 100 mg Capsules,3 tab
2026-08-08,PH-03,SMC-GP-1259,General practice,Monocef-O 200,3 tab
2026-08-08,PH-03,SMC-GP-1333,General practice,Nitrofurantoin 100 mg Capsules,3 tab
2026-08-08,PH-04,SMC-EN-1999,ENT,Clavam 625,5 cap
2026-08-08,PH-04,SMC-EN-2073,ENT,Doxycycline 100 mg Capsules,6 tab
2026-08-08,PH-04,SMC-GP-1222,General practice,Zifi 200 Tablet,15 cap
2026-08-08,PH-04,SMC-GP-1222,General practice,Doxycycline 100 mg Capsules,1 strip
2026-08-08,PH-04,SMC-GP-1444,General practice,Doxycycline 100 mg Capsules,6 tab
2026-08-08,PH-04,SMC-GP-1444,General practice,Amoxycillin 500 mg Capsules,14 cap
2026-08-08,PH-04,SMC-GP-1666,General practice,Wymox 500 Capsule,15 cap
2026-08-08,PH-04,SMC-PD-1703,Paediatrics,Ofloxacin 200 mg Tablets,14 cap
2026-08-08,PH-05,,Unregistered,Monocef-O 200,14 cap
2026-08-08,PH-05,SMC-EN-1962,ENT,Doxycycline 100 mg Capsules,15 cap
2026-08-08,PH-05,SMC-EN-2110,ENT,Cefixime 200 mg Tablets IP,15 cap
2026-08-08,PH-05,SMC-GP-1111,General practice,Moxileb 250 DT,5 cap
2026-08-08,PH-05,SMC-GP-1111,General practice,Moxileb 250 DT,5 cap
2026-08-08,PH-05,SMC-GP-1407,General practice,Doxycycline 100 mg Capsules,6 tab
2026-08-08,PH-05,SMC-GP-1407,General practice,Nitrofurantoin 100 mg Capsules,6 tab
2026-08-08,PH-05,SMC-GP-1518,General practice,Cephalexin 500 mg Capsules,6 tab
2026-08-08,PH-05,SMC-GP-1518,General practice,Amoxycillin 500 mg + Potassium Clavulanate 125 mg Tablets,14 cap
2026-08-08,PH-05,SMC-GP-1555,General practice,Azithromycin 500 mg Tablets,3 tab
2026-08-08,PH-05,SMC-GP-1666,General practice,Monocef-O 200,1 strip
2026-08-08,PH-05,SMC-GP-1666,General practice,Azithromycin 500 mg Tablets,14 cap
2026-08-08,PH-05,SMC-GP-1666,General practice,Ofloxacin 200 mg Tablets,3 tab
2026-08-08,PH-05,SMC-PD-1777,Paediatrics,Moxileb 250 DT,14 cap
2026-08-08,PH-06,SMC-EN-1962,ENT,Amoxycillin 500 mg + Potassium Clavulanate 125 mg Tablets,15 cap
2026-08-08,PH-06,SMC-EN-1962,ENT,Cephalexin 500 mg Capsules,3 tab
2026-08-08,PH-06,SMC-GP-1370,General practice,Ofloxacin 200 mg Tablets,6 tab
2026-08-08,PH-06,SMC-GP-1370,General practice,Doxycycline 100 mg Capsules,3 tab
2026-08-08,PH-07,SMC-GP-1148,General practice,Cephalexin 500 mg Capsules,3 tab
2026-08-08,PH-07,SMC-GP-1185,General practice,Amoxycillin 500 mg Capsules,6 tab
2026-08-08,PH-07,SMC-GP-1481,General practice,Amoxycillin 500 mg + Potassium Clavulanate 125 mg Tablets,6 tab
2026-08-08,PH-07,SMC-GP-1481,General practice,Doxycycline 100 mg Capsules,5 cap
2026-08-08,PH-07,SMC-PD-1925,Paediatrics,Azithromycin 500 mg Tablets,6 tab
2026-08-08,PH-08,SMC-EN-1999,ENT,Amoxycillin 500 mg Capsules,14 cap
2026-08-08,PH-08,SMC-GP-1407,General practice,Cefixime 200 mg Tablets IP,5 cap
2026-08-08,PH-10,SMC-GP-1407,General practice,Clavam 625,6 tab
2026-08-08,PH-10,SMC-PD-1777,Paediatrics,Amoxycillin 500 mg + Potassium Clavulanate 125 mg Tablets,5 cap
2026-08-08,PH-10,SMC-PD-1777,Paediatrics,Taxim-O 200 Tablet,10 tab
2026-08-08,PH-10,SMC-PD-1814,Paediatrics,Cefixime 200 mg Tablets IP,10 tab
2026-08-08,PH-11,SMC-GP-1222,General practice,Nitrofurantoin 100 mg Capsules,10 tab
2026-08-08,PH-11,SMC-GP-1222,General practice,Wymox 500 Capsule,1 strip
2026-08-08,PH-12,SMC-GP-1222,General practice,Clavam 625,10 tab
2026-08-08,PH-12,SMC-GP-1370,General practice,Doxycycline 100 mg Capsules,3 tab
2026-08-08,PH-12,SMC-GP-1444,General practice,Levofloxacin 500 mg Tablets,5 cap
2026-08-08,PH-12,SMC-GP-1555,General practice,Cephalexin 500 mg Capsules,3 tab
2026-08-09,PH-01,,Unregistered,Monocef-O 200,15 cap
2026-08-09,PH-01,SMC-PD-1703,Paediatrics,Clavam 625,5 cap
2026-08-09,PH-02,SMC-GP-1259,General practice,Taxim-O 200 Tablet,15 cap
2026-08-09,PH-02,SMC-PD-1777,Paediatrics,Doxycycline 100 mg Capsules,10 tab
2026-08-09,PH-02,SMC-PD-1777,Paediatrics,Nitrofurantoin 100 mg Capsules,3 tab
2026-08-09,PH-02,SMC-PD-1851,Paediatrics,Cephalexin 500 mg Capsules,10 tab
2026-08-09,PH-03,,Unregistered,Amoxycillin 500 mg + Potassium Clavulanate 125 mg Tablets,14 cap
2026-08-09,PH-03,,Unregistered,Cephalexin 500 mg Capsules,6 tab
2026-08-09,PH-03,SMC-GP-1259,General practice,Levofloxacin 500 mg Tablets,14 cap
2026-08-09,PH-03,SMC-GP-1259,General practice,Amoxycillin 500 mg Capsules,10 tab
2026-08-09,PH-03,SMC-GP-1333,General practice,Clavam 625,15 cap
2026-08-09,PH-04,SMC-GP-1222,General practice,Amoxycillin 500 mg Capsules,14 cap
2026-08-09,PH-04,SMC-GP-1222,General practice,Cephalexin 500 mg Capsules,15 cap
2026-08-09,PH-04,SMC-GP-1222,General practice,Doxycycline 100 mg Capsules,5 cap
2026-08-09,PH-04,SMC-GP-1666,General practice,Ofloxacin 200mg & Ornidazole 500mg Tab,10 tab
2026-08-09,PH-04,SMC-PD-1703,Paediatrics,Amoxycillin 500 mg Capsules,3 tab
2026-08-09,PH-04,SMC-PD-1888,Paediatrics,Ofloxacin 200 mg Tablets,5 cap
2026-08-09,PH-04,SMC-PD-1925,Paediatrics,Azithromycin 500 mg Tablets,14 cap
2026-08-09,PH-05,SMC-EN-2110,ENT,Wymox 500 Capsule,10 tab
2026-08-09,PH-05,SMC-GP-1111,General practice,Moxileb 250 DT,14 cap
2026-08-09,PH-05,SMC-GP-1111,General practice,Levofloxacin 500 mg Tablets,10 tab
2026-08-09,PH-05,SMC-GP-1407,General practice,Amoxycillin 500 mg + Potassium Clavulanate 125 mg Tablets,3 tab
2026-08-09,PH-05,SMC-PD-1740,Paediatrics,Moxileb 250 DT,5 cap
2026-08-09,PH-05,SMC-PD-1777,Paediatrics,Moxileb 250 DT,15 cap
2026-08-09,PH-05,SMC-PD-1777,Paediatrics,Nitrofurantoin 100 mg Capsules,14 cap
2026-08-09,PH-05,SMC-PD-1851,Paediatrics,Nitrofurantoin 100 mg Capsules,15 cap
2026-08-09,PH-05,SMC-PD-1851,Paediatrics,Doxycycline 100 mg Capsules,15 cap
2026-08-09,PH-06,SMC-GP-1111,General practice,Cefuroxime 500 mg Tablets,14 cap
2026-08-09,PH-06,SMC-GP-1444,General practice,Amoxycillin 500 mg + Potassium Clavulanate 125 mg Tablets,14 cap
2026-08-09,PH-07,SMC-EN-2073,ENT,Ofloxacin 200 mg Tablets,10 tab
2026-08-09,PH-07,SMC-EN-2110,ENT,Azithromycin 500 mg Tablets,3 tab
2026-08-09,PH-07,SMC-EN-2110,ENT,Moxileb 250 DT,1 strip
2026-08-09,PH-07,SMC-GP-1037,General practice,Amoxycillin 500 mg + Potassium Clavulanate 125 mg Tablets,6 tab
2026-08-09,PH-07,SMC-PD-1814,Paediatrics,Amoxycillin 500 mg + Potassium Clavulanate 125 mg Tablets,10 tab
2026-08-09,PH-08,SMC-EN-1999,ENT,Cefixime 200 mg Tablets IP,5 cap
2026-08-09,PH-08,SMC-EN-1999,ENT,Nitrofurantoin 100 mg Capsules,15 cap
2026-08-09,PH-08,SMC-EN-2036,ENT,Amoxycillin 500 mg + Potassium Clavulanate 125 mg Tablets,5 cap
2026-08-09,PH-08,SMC-EN-2036,ENT,Wymox 500 Capsule,15 cap
2026-08-09,PH-08,SMC-GP-1333,General practice,Cefixime 200 mg Tablets IP,6 tab
2026-08-09,PH-09,SMC-EN-1999,ENT,Cephalexin 500 mg Capsules,3 tab
2026-08-09,PH-09,SMC-GP-1148,General practice,Monocef-O 200,14 cap
2026-08-09,PH-09,SMC-GP-1481,General practice,Doxycycline 100 mg Capsules,15 cap
2026-08-09,PH-09,SMC-PD-1851,Paediatrics,Azithromycin 500 mg Tablets,15 cap
2026-08-09,PH-09,SMC-PD-1851,Paediatrics,Ofloxacin 200mg & Ornidazole 500mg Tab,15 cap
2026-08-09,PH-10,SMC-PD-1777,Paediatrics,Wymox 500 Capsule,10 tab
2026-08-09,PH-11,,Unregistered,Moxileb 250 DT,3 tab
2026-08-09,PH-12,SMC-GP-1185,General practice,Nitrofurantoin 100 mg Capsules,5 cap
2026-08-09,PH-12,SMC-GP-1222,General practice,Wymox 500 Capsule,1 strip
2026-08-09,PH-12,SMC-GP-1370,General practice,Nitrofurantoin 100 mg Capsules,14 cap
2026-08-09,PH-12,SMC-GP-1370,General practice,Nitrofurantoin 100 mg Capsules,14 cap
2026-08-09,PH-12,SMC-GP-1555,General practice,Cefuroxime 500 mg Tablets,3 tab
2026-08-09,PH-12,SMC-PD-1888,Paediatrics,Wymox 500 Capsule,5 cap
2026-08-10,PH-01,,Unregistered,Cephalexin 500 mg Capsules,14 cap
2026-08-10,PH-01,SMC-EN-1962,ENT,Nitrofurantoin 100 mg Capsules,5 cap
2026-08-10,PH-01,SMC-GP-1518,General practice,Levofloxacin 500 mg Tablets,14 cap
2026-08-10,PH-01,SMC-GP-1629,General practice,Amoxycillin 500 mg Capsules,3 tab
2026-08-10,PH-01,SMC-GP-1629,General practice,Zifi 200 Tablet,10 tab
2026-08-10,PH-02,SMC-GP-1259,General practice,Cefuroxime 500 mg Tablets,10 tab
2026-08-10,PH-02,SMC-PD-1777,Paediatrics,Moxileb 250 DT,10 tab
2026-08-10,PH-02,SMC-PD-1777,Paediatrics,Wymox 500 Capsule,14 cap
2026-08-10,PH-03,SMC-GP-1592,General practice,Wymox 500 Capsule,1 strip
2026-08-10,PH-04,SMC-EN-2073,ENT,Doxycycline 100 mg Capsules,6 tab
2026-08-10,PH-04,SMC-GP-1444,General practice,Ofloxacin 200 mg Tablets,6 tab
2026-08-10,PH-04,SMC-GP-1666,General practice,Cefixime 200 mg Tablets IP,6 tab
2026-08-10,PH-04,SMC-PD-1703,Paediatrics,Cephalexin 500 mg Capsules,3 tab
2026-08-10,PH-04,SMC-PD-1925,Paediatrics,Zifi 200 Tablet,3 tab
2026-08-10,PH-05,SMC-GP-1111,General practice,Ofloxacin 200 mg Tablets,10 tab
2026-08-10,PH-05,SMC-GP-1518,General practice,Levofloxacin 500 mg Tablets,5 cap
2026-08-10,PH-05,SMC-GP-1555,General practice,Amoxycillin 500 mg + Potassium Clavulanate 125 mg Tablets,5 cap
2026-08-10,PH-05,SMC-GP-1555,General practice,Amoxycillin 500 mg + Potassium Clavulanate 125 mg Tablets,5 cap
2026-08-10,PH-05,SMC-GP-1629,General practice,Wymox 500 Capsule,3 tab
2026-08-10,PH-05,SMC-GP-1666,General practice,Doxycycline 100 mg Capsules,5 cap
2026-08-10,PH-05,SMC-GP-1666,General practice,Nitrofurantoin 100 mg Capsules,1 strip
2026-08-10,PH-05,SMC-PD-1740,Paediatrics,Doxycycline 100 mg Capsules,6 tab
2026-08-10,PH-05,SMC-PD-1740,Paediatrics,Nitrofurantoin 100 mg Capsules,15 cap
2026-08-10,PH-05,SMC-PD-1777,Paediatrics,Wymox 500 Capsule,1 strip
2026-08-10,PH-05,SMC-PD-1777,Paediatrics,Amoxycillin 500 mg Capsules,15 cap
2026-08-10,PH-05,SMC-PD-1777,Paediatrics,Azithromycin 500 mg Tablets,10 tab
2026-08-10,PH-05,SMC-PD-1851,Paediatrics,Wymox 500 Capsule,3 tab
2026-08-10,PH-05,SMC-PD-1851,Paediatrics,Moxileb 250 DT,6 tab
2026-08-10,PH-06,SMC-GP-1370,General practice,Clavam 625,1 strip
2026-08-10,PH-07,,Unregistered,Ofloxacin 200 mg Tablets,5 cap
2026-08-10,PH-07,SMC-GP-1185,General practice,Wymox 500 Capsule,1 strip
2026-08-10,PH-07,SMC-GP-1185,General practice,Amoxycillin 500 mg Capsules,3 tab
2026-08-10,PH-07,SMC-GP-1259,General practice,Amoxycillin 500 mg Capsules,14 cap
2026-08-10,PH-07,SMC-GP-1481,General practice,Nitrofurantoin 100 mg Capsules,10 tab
2026-08-10,PH-08,,Unregistered,Doxycycline 100 mg Capsules,15 cap
2026-08-10,PH-08,SMC-GP-1333,General practice,Levofloxacin 500 mg Tablets,15 cap
2026-08-10,PH-08,SMC-GP-1407,General practice,Wymox 500 Capsule,1 strip
2026-08-10,PH-08,SMC-GP-1592,General practice,Wymox 500 Capsule,15 cap
2026-08-10,PH-09,SMC-EN-1999,ENT,Azithromycin 500 mg Tablets,15 cap
2026-08-10,PH-09,SMC-EN-1999,ENT,Cephalexin 500 mg Capsules,5 cap
2026-08-10,PH-09,SMC-GP-1185,General practice,Ciprofloxacin 500 mg Tablets,10 tab
2026-08-10,PH-09,SMC-GP-1185,General practice,Cephalexin 500 mg Capsules,14 cap
2026-08-10,PH-09,SMC-PD-1851,Paediatrics,Cephalexin 500 mg Capsules,5 cap
2026-08-10,PH-09,SMC-PD-1851,Paediatrics,Ofloxacin 200mg & Ornidazole 500mg Tab,3 tab
2026-08-10,PH-09,SMC-PD-1851,Paediatrics,Cefuroxime 500 mg Tablets,14 cap
2026-08-10,PH-09,SMC-PD-1851,Paediatrics,Doxycycline 100 mg Capsules,15 cap
2026-08-10,PH-10,SMC-EN-2110,ENT,Amoxycillin 500 mg + Potassium Clavulanate 125 mg Tablets,3 tab
2026-08-10,PH-11,SMC-GP-1037,General practice,Taxim-O 200 Tablet,1 strip
2026-08-10,PH-11,SMC-GP-1222,General practice,Wymox 500 Capsule,10 tab
2026-08-10,PH-11,SMC-GP-1222,General practice,Clavam 625,15 cap
2026-08-10,PH-11,SMC-GP-1555,General practice,Levofloxacin 500 mg Tablets,1 strip
2026-08-10,PH-11,SMC-GP-1555,General practice,Doxycycline 100 mg Capsules,15 cap
2026-08-10,PH-12,SMC-GP-1185,General practice,Wymox 500 Capsule,3 tab
2026-08-10,PH-12,SMC-GP-1370,General practice,Cephalexin 500 mg Capsules,6 tab
2026-08-10,PH-12,SMC-GP-1370,General practice,Nitrofurantoin 100 mg Capsules,5 cap
2026-08-10,PH-12,SMC-GP-1518,General practice,Amoxycillin 500 mg + Potassium Clavulanate 125 mg Tablets,3 tab
2026-08-11,PH-01,,Unregistered,Azithromycin 500 mg Tablets,6 tab
2026-08-11,PH-01,SMC-EN-1962,ENT,Wymox 500 Capsule,10 tab
2026-08-11,PH-02,SMC-GP-1259,General practice,Amoxycillin 500 mg + Potassium Clavulanate 125 mg Tablets,3 tab
2026-08-11,PH-03,SMC-GP-1592,General practice,Clavam 625,10 tab
2026-08-11,PH-04,,Unregistered,Azithromycin 500 mg Tablets,6 tab
2026-08-11,PH-04,SMC-EN-1999,ENT,Doxycycline 100 mg Capsules,10 tab
2026-08-11,PH-04,SMC-EN-1999,ENT,Taxim-O 200 Tablet,14 cap
2026-08-11,PH-04,SMC-GP-1222,General practice,Moxileb 250 DT,5 cap
2026-08-11,PH-04,SMC-GP-1444,General practice,Moxileb 250 DT,6 tab
2026-08-11,PH-04,SMC-GP-1444,General practice,Cefuroxime 500 mg Tablets,14 cap
2026-08-11,PH-04,SMC-GP-1444,General practice,Ciprofloxacin 500 mg Tablets,5 cap
2026-08-11,PH-04,SMC-GP-1444,General practice,Cefixime 200 mg Tablets IP,15 cap
2026-08-11,PH-04,SMC-GP-1666,General practice,Amoxycillin 500 mg Capsules,3 tab
2026-08-11,PH-04,SMC-PD-1888,Paediatrics,Azithromycin 500 mg Tablets,1 strip
2026-08-11,PH-04,SMC-PD-1888,Paediatrics,Ciprofloxacin 500 mg Tablets,15 cap
2026-08-11,PH-04,SMC-PD-1925,Paediatrics,Cephalexin 500 mg Capsules,14 cap
2026-08-11,PH-04,SMC-PD-1925,Paediatrics,Cephalexin 500 mg Capsules,6 tab
2026-08-11,PH-05,SMC-GP-1518,General practice,Wymox 500 Capsule,6 tab
2026-08-11,PH-05,SMC-GP-1592,General practice,Moxileb 250 DT,6 tab
2026-08-11,PH-05,SMC-GP-1629,General practice,Doxycycline 100 mg Capsules,15 cap
2026-08-11,PH-05,SMC-PD-1777,Paediatrics,Doxycycline 100 mg Capsules,6 tab
2026-08-11,PH-05,SMC-PD-1777,Paediatrics,Clavam 625,6 tab
2026-08-11,PH-05,SMC-PD-1777,Paediatrics,Amoxycillin 500 mg + Potassium Clavulanate 125 mg Tablets,5 cap
2026-08-11,PH-06,SMC-GP-1444,General practice,Nitrofurantoin 100 mg Capsules,5 cap
2026-08-11,PH-06,SMC-GP-1444,General practice,Cefixime 200 mg + Ofloxacin 200 mg Tablets,10 tab
2026-08-11,PH-07,,Unregistered,Monocef-O 200,14 cap
2026-08-11,PH-07,SMC-EN-2110,ENT,Clavam 625,1 strip
2026-08-11,PH-07,SMC-GP-1037,General practice,Doxycycline 100 mg Capsules,5 cap
2026-08-11,PH-07,SMC-GP-1148,General practice,Amoxycillin 500 mg + Potassium Clavulanate 125 mg Tablets,15 cap
2026-08-11,PH-07,SMC-GP-1185,General practice,Amoxycillin 500 mg + Potassium Clavulanate 125 mg Tablets,3 tab
2026-08-11,PH-07,SMC-GP-1259,General practice,Amoxycillin 500 mg + Potassium Clavulanate 125 mg Tablets,14 cap
2026-08-11,PH-07,SMC-GP-1481,General practice,Cephalexin 500 mg Capsules,3 tab
2026-08-11,PH-07,SMC-PD-1814,Paediatrics,Amoxycillin 500 mg Capsules,1 strip
2026-08-11,PH-08,,Unregistered,Azithromycin 500 mg Tablets,15 cap
2026-08-11,PH-08,,Unregistered,Clarithromycin 500 mg Tablets,5 cap
2026-08-11,PH-08,,Unregistered,Cephalexin 500 mg Capsules,10 tab
2026-08-11,PH-08,SMC-EN-1999,ENT,Cefixime 200 mg Tablets IP,3 tab
2026-08-11,PH-08,SMC-EN-2036,ENT,Wymox 500 Capsule,15 cap
2026-08-11,PH-08,SMC-EN-2073,ENT,Moxileb 250 DT,15 cap
2026-08-11,PH-08,SMC-PD-1703,Paediatrics,Moxileb 250 DT,3 tab
2026-08-11,PH-09,SMC-EN-1999,ENT,Ofloxacin 200 mg Tablets,15 cap
2026-08-11,PH-09,SMC-EN-1999,ENT,Amoxycillin 500 mg + Potassium Clavulanate 125 mg Tablets,15 cap
2026-08-11,PH-09,SMC-GP-1074,General practice,Doxycycline 100 mg Capsules,5 cap
2026-08-11,PH-09,SMC-GP-1185,General practice,Nitrofurantoin 100 mg Capsules,6 tab
2026-08-11,PH-09,SMC-GP-1296,General practice,Levofloxacin 500 mg Tablets,15 cap
2026-08-11,PH-10,SMC-GP-1074,General practice,Wymox 500 Capsule,6 tab
2026-08-11,PH-10,SMC-GP-1407,General practice,Levofloxacin 500 mg Tablets,15 cap
2026-08-11,PH-11,SMC-GP-1222,General practice,Ofloxacin 200 mg Tablets,1 strip
2026-08-11,PH-11,SMC-GP-1222,General practice,Levofloxacin 500 mg Tablets,3 tab
2026-08-11,PH-11,SMC-GP-1555,General practice,Taxim-O 200 Tablet,10 tab
2026-08-11,PH-11,SMC-GP-1555,General practice,Clarithromycin 500 mg Tablets,15 cap
2026-08-11,PH-12,SMC-EN-2036,ENT,Nitrofurantoin 100 mg Capsules,14 cap
2026-08-11,PH-12,SMC-GP-1185,General practice,Levofloxacin 500 mg Tablets,15 cap
2026-08-11,PH-12,SMC-GP-1185,General practice,Cephalexin 500 mg Capsules,15 cap
2026-08-11,PH-12,SMC-GP-1222,General practice,Clarithromycin 500 mg Tablets,15 cap
2026-08-11,PH-12,SMC-GP-1444,General practice,Monocef-O 200,10 tab
2026-08-11,PH-12,SMC-GP-1518,General practice,Cefuroxime 500 mg Tablets,5 cap
2026-08-11,PH-12,SMC-GP-1518,General practice,Doxycycline 100 mg Capsules,1 strip
2026-08-11,PH-12,SMC-GP-1555,General practice,Ofloxacin 200 mg Tablets,3 tab
2026-08-11,PH-12,SMC-GP-1555,General practice,Nitrofurantoin 100 mg Capsules,14 cap
2026-08-11,PH-12,SMC-GP-1555,General practice,Doxycycline 100 mg Capsules,15 cap
2026-08-11,PH-12,SMC-GP-1666,General practice,Ciprofloxacin 500 mg Tablets,1 strip
2026-08-12,PH-01,,Unregistered,Cefuroxime 500 mg Tablets,3 tab
2026-08-12,PH-02,SMC-GP-1259,General practice,Clavam 625,15 cap
2026-08-12,PH-02,SMC-GP-1259,General practice,Moxileb 250 DT,5 cap
2026-08-12,PH-02,SMC-PD-1777,Paediatrics,Doxycycline 100 mg Capsules,10 tab
2026-08-12,PH-02,SMC-PD-1777,Paediatrics,Cephalexin 500 mg Capsules,15 cap
2026-08-12,PH-02,SMC-PD-1851,Paediatrics,Wymox 500 Capsule,6 tab
2026-08-12,PH-02,SMC-PD-1851,Paediatrics,Ofloxacin 200mg & Ornidazole 500mg Tab,6 tab
2026-08-12,PH-03,SMC-GP-1111,General practice,Nitrofurantoin 100 mg Capsules,3 tab
2026-08-12,PH-03,SMC-GP-1259,General practice,Azithromycin 500 mg Tablets,3 tab
2026-08-12,PH-04,,Unregistered,Cephalexin 500 mg Capsules,6 tab
2026-08-12,PH-04,SMC-GP-1222,General practice,Doxycycline 100 mg Capsules,1 strip
2026-08-12,PH-04,SMC-GP-1444,General practice,Clavam 625,6 tab
2026-08-12,PH-04,SMC-PD-1703,Paediatrics,Wymox 500 Capsule,5 cap
2026-08-12,PH-04,SMC-PD-1888,Paediatrics,Cefixime 200 mg + Ofloxacin 200 mg Tablets,3 tab
2026-08-12,PH-04,SMC-PD-1925,Paediatrics,Monocef-O 200,3 tab
2026-08-12,PH-05,SMC-GP-1111,General practice,Doxycycline 100 mg Capsules,6 tab
2026-08-12,PH-05,SMC-GP-1148,General practice,Amoxycillin 500 mg + Potassium Clavulanate 125 mg Tablets,3 tab
2026-08-12,PH-05,SMC-GP-1407,General practice,Taxim-O 200 Tablet,1 strip
2026-08-12,PH-05,SMC-GP-1518,General practice,Nitrofurantoin 100 mg Capsules,6 tab
2026-08-12,PH-05,SMC-GP-1518,General practice,Amoxycillin 500 mg Capsules,15 cap
2026-08-12,PH-05,SMC-GP-1629,General practice,Cefixime 200 mg Tablets IP,3 tab
2026-08-12,PH-05,SMC-PD-1777,Paediatrics,Clavam 625,10 tab
2026-08-12,PH-05,SMC-PD-1851,Paediatrics,Ofloxacin 200mg & Ornidazole 500mg Tab,6 tab
2026-08-12,PH-06,SMC-GP-1370,General practice,Doxycycline 100 mg Capsules,6 tab
2026-08-12,PH-06,SMC-GP-1370,General practice,Moxileb 250 DT,15 cap
2026-08-12,PH-07,,Unregistered,Azithromycin 500 mg Tablets,6 tab
2026-08-12,PH-07,SMC-EN-2073,ENT,Azithromycin 500 mg Tablets,1 strip
2026-08-12,PH-07,SMC-GP-1148,General practice,Doxycycline 100 mg Capsules,15 cap
2026-08-12,PH-07,SMC-GP-1148,General practice,Doxycycline 100 mg Capsules,5 cap
2026-08-12,PH-07,SMC-GP-1259,General practice,Moxileb 250 DT,14 cap
2026-08-12,PH-08,,Unregistered,Cefixime 200 mg + Ofloxacin 200 mg Tablets,5 cap
2026-08-12,PH-08,,Unregistered,Cefuroxime 500 mg Tablets,14 cap
2026-08-12,PH-08,SMC-EN-2073,ENT,Cephalexin 500 mg Capsules,10 tab
2026-08-12,PH-08,SMC-GP-1296,General practice,Monocef-O 200,15 cap
2026-08-12,PH-08,SMC-GP-1333,General practice,Ciprofloxacin 500 mg Tablets,10 tab
2026-08-12,PH-08,SMC-GP-1407,General practice,Cefixime 200 mg Tablets IP,10 tab
2026-08-12,PH-08,SMC-GP-1592,General practice,Monocef-O 200,3 tab
2026-08-12,PH-09,SMC-EN-1999,ENT,Clarithromycin 500 mg Tablets,6 tab
2026-08-12,PH-09,SMC-GP-1296,General practice,Moxileb 250 DT,3 tab
2026-08-12,PH-10,SMC-GP-1407,General practice,Clavam 625,3 tab
2026-08-12,PH-11,SMC-GP-1037,General practice,Cephalexin 500 mg Capsules,14 cap
2026-08-12,PH-11,SMC-GP-1222,General practice,Cephalexin 500 mg Capsules,10 tab
2026-08-12,PH-11,SMC-GP-1555,General practice,Cephalexin 500 mg Capsules,14 cap
2026-08-12,PH-11,SMC-PD-1814,Paediatrics,Amoxycillin 500 mg Capsules,5 cap
2026-08-12,PH-12,SMC-GP-1185,General practice,Nitrofurantoin 100 mg Capsules,10 tab
2026-08-12,PH-12,SMC-GP-1222,General practice,Cephalexin 500 mg Capsules,3 tab
2026-08-12,PH-12,SMC-GP-1370,General practice,Amoxycillin 500 mg + Potassium Clavulanate 125 mg Tablets,6 tab
2026-08-12,PH-12,SMC-GP-1370,General practice,Amoxycillin 500 mg Capsules,5 cap
2026-08-12,PH-12,SMC-GP-1444,General practice,Levofloxacin 500 mg Tablets,15 cap
2026-08-12,PH-12,SMC-GP-1444,General practice,Wymox 500 Capsule,1 strip
2026-08-12,PH-12,SMC-GP-1518,General practice,Taxim-O 200 Tablet,6 tab
2026-08-12,PH-12,SMC-GP-1518,General practice,Clarithromycin 500 mg Tablets,15 cap
2026-08-12,PH-12,SMC-GP-1518,General practice,Amoxycillin 500 mg Capsules,15 cap
2026-08-12,PH-12,SMC-GP-1555,General practice,Taxim-O 200 Tablet,3 tab
2026-08-13,PH-01,SMC-EN-1962,ENT,Clavam 625,3 tab
2026-08-13,PH-01,SMC-GP-1518,General practice,Amoxycillin 500 mg Capsules,14 cap
2026-08-13,PH-01,SMC-GP-1518,General practice,Doxycycline 100 mg Capsules,14 cap
2026-08-13,PH-01,SMC-GP-1629,General practice,Nitrofurantoin 100 mg Capsules,5 cap
2026-08-13,PH-02,SMC-GP-1259,General practice,Nitrofurantoin 100 mg Capsules,10 tab
2026-08-13,PH-02,SMC-PD-1777,Paediatrics,Levofloxacin 500 mg Tablets,5 cap
2026-08-13,PH-02,SMC-PD-1851,Paediatrics,Ofloxacin 200mg & Ornidazole 500mg Tab,15 cap
2026-08-13,PH-02,SMC-PD-1851,Paediatrics,Amoxycillin 500 mg Capsules,3 tab
2026-08-13,PH-03,SMC-GP-1111,General practice,Levofloxacin 500 mg Tablets,5 cap
2026-08-13,PH-03,SMC-GP-1592,General practice,Ciprofloxacin 500 mg Tablets,14 cap
2026-08-13,PH-03,SMC-PD-1740,Paediatrics,Monocef-O 200,10 tab
2026-08-13,PH-04,,Unregistered,Clarithromycin 500 mg Tablets,3 tab
2026-08-13,PH-04,,Unregistered,Monocef-O 200,14 cap
2026-08-13,PH-04,SMC-EN-1999,ENT,Amoxycillin 500 mg Capsules,6 tab
2026-08-13,PH-04,SMC-EN-1999,ENT,Azithromycin 500 mg Tablets,3 tab
2026-08-13,PH-04,SMC-GP-1222,General practice,Wymox 500 Capsule,5 cap
2026-08-13,PH-04,SMC-GP-1222,General practice,Clarithromycin 500 mg Tablets,1 strip
2026-08-13,PH-04,SMC-GP-1222,General practice,Zifi 200 Tablet,15 cap
2026-08-13,PH-04,SMC-GP-1222,General practice,Clavam 625,1 strip
2026-08-13,PH-04,SMC-GP-1444,General practice,Cefixime 200 mg + Ofloxacin 200 mg Tablets,6 tab
2026-08-13,PH-05,SMC-EN-1962,ENT,Doxycycline 100 mg Capsules,10 tab
2026-08-13,PH-05,SMC-EN-1962,ENT,Moxileb 250 DT,6 tab
2026-08-13,PH-05,SMC-EN-2110,ENT,Nitrofurantoin 100 mg Capsules,5 cap
2026-08-13,PH-05,SMC-GP-1592,General practice,Wymox 500 Capsule,15 cap
2026-08-13,PH-05,SMC-GP-1629,General practice,Clarithromycin 500 mg Tablets,6 tab
2026-08-13,PH-05,SMC-GP-1629,General practice,Nitrofurantoin 100 mg Capsules,15 cap
2026-08-13,PH-05,SMC-GP-1666,General practice,Moxileb 250 DT,14 cap
2026-08-13,PH-07,SMC-GP-1148,General practice,Amoxycillin 500 mg Capsules,5 cap
2026-08-13,PH-07,SMC-GP-1185,General practice,Nitrofurantoin 100 mg Capsules,3 tab
2026-08-13,PH-07,SMC-GP-1259,General practice,Nitrofurantoin 100 mg Capsules,3 tab
2026-08-13,PH-07,SMC-PD-1814,Paediatrics,Cephalexin 500 mg Capsules,5 cap
2026-08-13,PH-08,,Unregistered,Cefixime 200 mg + Ofloxacin 200 mg Tablets,15 cap
2026-08-13,PH-08,SMC-EN-1999,ENT,Cefixime 200 mg Tablets IP,10 tab
2026-08-13,PH-08,SMC-GP-1296,General practice,Nitrofurantoin 100 mg Capsules,5 cap
2026-08-13,PH-08,SMC-GP-1333,General practice,Cefixime 200 mg + Ofloxacin 200 mg Tablets,5 cap
2026-08-13,PH-08,SMC-GP-1592,General practice,Wymox 500 Capsule,14 cap
2026-08-13,PH-08,SMC-PD-1703,Paediatrics,Clavam 625,14 cap
2026-08-13,PH-08,SMC-PD-1740,Paediatrics,Monocef-O 200,5 cap
2026-08-13,PH-09,SMC-GP-1037,General practice,Wymox 500 Capsule,15 cap
2026-08-13,PH-09,SMC-GP-1074,General practice,Taxim-O 200 Tablet,6 tab
2026-08-13,PH-09,SMC-GP-1074,General practice,Levofloxacin 500 mg Tablets,3 tab
2026-08-13,PH-09,SMC-GP-1148,General practice,Clavam 625,6 tab
2026-08-13,PH-09,SMC-GP-1296,General practice,Monocef-O 200,1 strip
2026-08-13,PH-09,SMC-PD-1851,Paediatrics,Cefixime 200 mg Tablets IP,6 tab
2026-08-13,PH-09,SMC-PD-1925,Paediatrics,Monocef-O 200,14 cap
2026-08-13,PH-10,SMC-EN-2110,ENT,Nitrofurantoin 100 mg Capsules,14 cap
2026-08-13,PH-10,SMC-GP-1407,General practice,Wymox 500 Capsule,5 cap
2026-08-13,PH-10,SMC-GP-1481,General practice,Moxileb 250 DT,1 strip
2026-08-13,PH-10,SMC-PD-1777,Paediatrics,Wymox 500 Capsule,14 cap
2026-08-13,PH-11,SMC-GP-1333,General practice,Cephalexin 500 mg Capsules,6 tab
2026-08-13,PH-11,SMC-GP-1333,General practice,Doxycycline 100 mg Capsules,15 cap
2026-08-13,PH-11,SMC-GP-1333,General practice,Nitrofurantoin 100 mg Capsules,6 tab
2026-08-13,PH-12,SMC-EN-2036,ENT,Clavam 625,14 cap
2026-08-13,PH-12,SMC-EN-2036,ENT,Cephalexin 500 mg Capsules,6 tab
2026-08-13,PH-12,SMC-EN-2036,ENT,Amoxycillin 500 mg Capsules,1 strip
2026-08-13,PH-12,SMC-GP-1185,General practice,Levofloxacin 500 mg Tablets,10 tab
2026-08-13,PH-12,SMC-GP-1222,General practice,Nitrofurantoin 100 mg Capsules,5 cap
2026-08-13,PH-12,SMC-GP-1518,General practice,Moxileb 250 DT,6 tab
2026-08-14,PH-01,SMC-EN-1962,ENT,Doxycycline 100 mg Capsules,15 cap
2026-08-14,PH-01,SMC-GP-1518,General practice,Ciprofloxacin 500 mg Tablets,15 cap
2026-08-14,PH-02,SMC-PD-1777,Paediatrics,Amoxycillin 500 mg Capsules,3 tab
2026-08-14,PH-02,SMC-PD-1777,Paediatrics,Ofloxacin 200 mg Tablets,6 tab
2026-08-14,PH-02,SMC-PD-1851,Paediatrics,Zifi 200 Tablet,6 tab
2026-08-14,PH-03,SMC-GP-1111,General practice,Wymox 500 Capsule,1 strip
2026-08-14,PH-04,,Unregistered,Ofloxacin 200mg & Ornidazole 500mg Tab,1 strip
2026-08-14,PH-04,SMC-EN-1999,ENT,Ofloxacin 200 mg Tablets,15 cap
2026-08-14,PH-04,SMC-EN-2073,ENT,Doxycycline 100 mg Capsules,14 cap
2026-08-14,PH-04,SMC-GP-1444,General practice,Amoxycillin 500 mg Capsules,6 tab
2026-08-14,PH-04,SMC-PD-1703,Paediatrics,Ciprofloxacin 500 mg Tablets,3 tab
2026-08-14,PH-04,SMC-PD-1888,Paediatrics,Cefuroxime 500 mg Tablets,10 tab
2026-08-14,PH-04,SMC-PD-1888,Paediatrics,Nitrofurantoin 100 mg Capsules,6 tab
2026-08-14,PH-05,,Unregistered,Ciprofloxacin 500 mg Tablets,14 cap
2026-08-14,PH-05,SMC-EN-2110,ENT,Doxycycline 100 mg Capsules,1 strip
2026-08-14,PH-05,SMC-GP-1148,General practice,Moxileb 250 DT,10 tab
2026-08-14,PH-05,SMC-GP-1666,General practice,Cefixime 200 mg Tablets IP,1 strip
2026-08-14,PH-05,SMC-PD-1740,Paediatrics,Monocef-O 200,5 cap
2026-08-14,PH-06,SMC-GP-1111,General practice,Doxycycline 100 mg Capsules,1 strip
2026-08-14,PH-06,SMC-GP-1444,General practice,Clavam 625,14 cap
2026-08-14,PH-07,,Unregistered,Amoxycillin 500 mg + Potassium Clavulanate 125 mg Tablets,15 cap
2026-08-14,PH-07,SMC-EN-2110,ENT,Amoxycillin 500 mg Capsules,10 tab
2026-08-14,PH-07,SMC-GP-1037,General practice,Cefuroxime 500 mg Tablets,6 tab
2026-08-14,PH-07,SMC-GP-1148,General practice,Wymox 500 Capsule,3 tab
2026-08-14,PH-07,SMC-PD-1925,Paediatrics,Nitrofurantoin 100 mg Capsules,10 tab
2026-08-14,PH-08,SMC-EN-1999,ENT,Cefuroxime 500 mg Tablets,15 cap
2026-08-14,PH-08,SMC-EN-2073,ENT,Clarithromycin 500 mg Tablets,14 cap
2026-08-14,PH-08,SMC-GP-1296,General practice,Taxim-O 200 Tablet,14 cap
2026-08-14,PH-08,SMC-GP-1407,General practice,Azithromycin 500 mg Tablets,6 tab
2026-08-14,PH-08,SMC-GP-1407,General practice,Amoxycillin 500 mg + Potassium Clavulanate 125 mg Tablets,3 tab
2026-08-14,PH-08,SMC-GP-1592,General practice,Amoxycillin 500 mg Capsules,15 cap
2026-08-14,PH-08,SMC-PD-1703,Paediatrics,Amoxycillin 500 mg Capsules,6 tab
2026-08-14,PH-08,SMC-PD-1740,Paediatrics,Azithromycin 500 mg Tablets,14 cap
2026-08-14,PH-08,SMC-PD-1740,Paediatrics,Taxim-O 200 Tablet,14 cap
2026-08-14,PH-09,SMC-EN-1999,ENT,Azithromycin 500 mg Tablets,3 tab
2026-08-14,PH-09,SMC-GP-1037,General practice,Amoxycillin 500 mg + Potassium Clavulanate 125 mg Tablets,1 strip
2026-08-14,PH-09,SMC-GP-1074,General practice,Wymox 500 Capsule,14 cap
2026-08-14,PH-09,SMC-GP-1148,General practice,Cefixime 200 mg + Ofloxacin 200 mg Tablets,6 tab
2026-08-14,PH-09,SMC-GP-1370,General practice,Clavam 625,15 cap
2026-08-14,PH-09,SMC-PD-1851,Paediatrics,Clavam 625,14 cap
2026-08-14,PH-09,SMC-PD-1925,Paediatrics,Cephalexin 500 mg Capsules,14 cap
2026-08-14,PH-10,SMC-PD-1777,Paediatrics,Cephalexin 500 mg Capsules,3 tab
2026-08-14,PH-10,SMC-PD-1777,Paediatrics,Wymox 500 Capsule,3 tab
2026-08-14,PH-11,SMC-GP-1222,General practice,Levofloxacin 500 mg Tablets,10 tab
2026-08-14,PH-12,SMC-EN-2036,ENT,Moxileb 250 DT,1 strip
2026-08-14,PH-12,SMC-GP-1185,General practice,Amoxycillin 500 mg + Potassium Clavulanate 125 mg Tablets,10 tab
2026-08-14,PH-12,SMC-GP-1185,General practice,Ofloxacin 200 mg Tablets,10 tab
2026-08-14,PH-12,SMC-GP-1222,General practice,Wymox 500 Capsule,15 cap
2026-08-14,PH-12,SMC-GP-1370,General practice,Nitrofurantoin 100 mg Capsules,5 cap
2026-08-14,PH-12,SMC-GP-1444,General practice,Wymox 500 Capsule,5 cap
2026-08-14,PH-12,SMC-GP-1444,General practice,Ofloxacin 200 mg Tablets,1 strip
2026-08-14,PH-12,SMC-GP-1555,General practice,Levofloxacin 500 mg Tablets,5 cap
2026-08-15,PH-01,,Unregistered,Clarithromycin 500 mg Tablets,5 cap
2026-08-15,PH-01,SMC-EN-1962,ENT,Moxileb 250 DT,5 cap
2026-08-15,PH-01,SMC-EN-1962,ENT,Cephalexin 500 mg Capsules,15 cap
2026-08-15,PH-01,SMC-GP-1518,General practice,Ofloxacin 200 mg Tablets,1 strip
2026-08-15,PH-01,SMC-GP-1518,General practice,Clavam 625,3 tab
2026-08-15,PH-01,SMC-GP-1629,General practice,Cephalexin 500 mg Capsules,6 tab
2026-08-15,PH-01,SMC-GP-1629,General practice,Amoxycillin 500 mg Capsules,3 tab
2026-08-15,PH-01,SMC-PD-1703,Paediatrics,Amoxycillin 500 mg + Potassium Clavulanate 125 mg Tablets,5 cap
2026-08-15,PH-02,SMC-GP-1259,General practice,Amoxycillin 500 mg Capsules,15 cap
2026-08-15,PH-02,SMC-PD-1777,Paediatrics,Cephalexin 500 mg Capsules,1 strip
2026-08-15,PH-02,SMC-PD-1777,Paediatrics,Amoxycillin 500 mg + Potassium Clavulanate 125 mg Tablets,14 cap
2026-08-15,PH-03,SMC-GP-1259,General practice,Amoxycillin 500 mg + Potassium Clavulanate 125 mg Tablets,10 tab
2026-08-15,PH-03,SMC-GP-1333,General practice,Amoxycillin 500 mg + Potassium Clavulanate 125 mg Tablets,1 strip
2026-08-15,PH-04,SMC-GP-1222,General practice,Amoxycillin 500 mg + Potassium Clavulanate 125 mg Tablets,15 cap
2026-08-15,PH-04,SMC-PD-1703,Paediatrics,Clavam 625,3 tab
2026-08-15,PH-04,SMC-PD-1888,Paediatrics,Moxileb 250 DT,3 tab
2026-08-15,PH-05,,Unregistered,Cefuroxime 500 mg Tablets,14 cap
2026-08-15,PH-05,SMC-GP-1407,General practice,Ofloxacin 200 mg Tablets,3 tab
2026-08-15,PH-05,SMC-GP-1407,General practice,Linezolid 600 mg Tablets,6 tab
2026-08-15,PH-05,SMC-GP-1407,General practice,Ofloxacin 200 mg Tablets,3 tab
2026-08-15,PH-05,SMC-GP-1555,General practice,Amoxycillin 500 mg Capsules,15 cap
2026-08-15,PH-05,SMC-GP-1629,General practice,Clavam 625,15 cap
2026-08-15,PH-05,SMC-PD-1777,Paediatrics,Cephalexin 500 mg Capsules,5 cap
2026-08-15,PH-06,SMC-EN-2036,ENT,Nitrofurantoin 100 mg Capsules,10 tab
2026-08-15,PH-06,SMC-GP-1296,General practice,Cefuroxime 500 mg Tablets,14 cap
2026-08-15,PH-06,SMC-GP-1370,General practice,Cefixime 200 mg Tablets IP,3 tab
2026-08-15,PH-06,SMC-GP-1444,General practice,Ofloxacin 200mg & Ornidazole 500mg Tab,5 cap
2026-08-15,PH-07,,Unregistered,Ofloxacin 200mg & Ornidazole 500mg Tab,3 tab
2026-08-15,PH-07,,Unregistered,Ofloxacin 200 mg Tablets,10 tab
2026-08-15,PH-07,SMC-EN-2110,ENT,Taxim-O 200 Tablet,3 tab
2026-08-15,PH-07,SMC-GP-1037,General practice,Levofloxacin 500 mg Tablets,15 cap
2026-08-15,PH-07,SMC-GP-1185,General practice,Ofloxacin 200 mg Tablets,14 cap
2026-08-15,PH-07,SMC-GP-1185,General practice,Taxim-O 200 Tablet,1 strip
2026-08-15,PH-07,SMC-GP-1259,General practice,Moxileb 250 DT,10 tab
2026-08-15,PH-07,SMC-GP-1259,General practice,Moxileb 250 DT,6 tab
2026-08-15,PH-07,SMC-GP-1481,General practice,Ciprofloxacin 500 mg Tablets,10 tab
2026-08-15,PH-08,SMC-EN-1999,ENT,Cefuroxime 500 mg Tablets,15 cap
2026-08-15,PH-08,SMC-EN-2036,ENT,Clavam 625,5 cap
2026-08-15,PH-08,SMC-EN-2036,ENT,Wymox 500 Capsule,15 cap
2026-08-15,PH-08,SMC-EN-2073,ENT,Wymox 500 Capsule,5 cap
2026-08-15,PH-08,SMC-PD-1703,Paediatrics,Cephalexin 500 mg Capsules,6 tab
2026-08-15,PH-09,SMC-GP-1074,General practice,Clavam 625,3 tab
2026-08-15,PH-09,SMC-GP-1074,General practice,Amoxycillin 500 mg + Potassium Clavulanate 125 mg Tablets,14 cap
2026-08-15,PH-09,SMC-GP-1370,General practice,Clavam 625,15 cap
2026-08-15,PH-09,SMC-GP-1370,General practice,Wymox 500 Capsule,3 tab
2026-08-15,PH-09,SMC-PD-1851,Paediatrics,Nitrofurantoin 100 mg Capsules,1 strip
2026-08-15,PH-09,SMC-PD-1851,Paediatrics,Doxycycline 100 mg Capsules,14 cap
2026-08-15,PH-09,SMC-PD-1925,Paediatrics,Zifi 200 Tablet,5 cap
2026-08-15,PH-10,SMC-EN-2110,ENT,Cefuroxime 500 mg Tablets,6 tab
2026-08-15,PH-10,SMC-GP-1407,General practice,Monocef-O 200,6 tab
2026-08-15,PH-10,SMC-GP-1481,General practice,Clavam 625,15 cap
2026-08-15,PH-10,SMC-PD-1777,Paediatrics,Zifi 200 Tablet,3 tab
2026-08-15,PH-10,SMC-PD-1777,Paediatrics,Nitrofurantoin 100 mg Capsules,6 tab
2026-08-15,PH-10,SMC-PD-1777,Paediatrics,Clarithromycin 500 mg Tablets,14 cap
2026-08-15,PH-11,SMC-GP-1222,General practice,Clavam 625,1 strip
2026-08-15,PH-11,SMC-GP-1222,General practice,Nitrofurantoin 100 mg Capsules,14 cap
2026-08-15,PH-11,SMC-GP-1555,General practice,Nitrofurantoin 100 mg Capsules,5 cap
2026-08-15,PH-11,SMC-GP-1555,General practice,Ciprofloxacin 500 mg Tablets,10 tab
2026-08-15,PH-11,SMC-PD-1814,Paediatrics,Azithromycin 500 mg Tablets,5 cap
2026-08-15,PH-12,,Unregistered,Ofloxacin 200 mg Tablets,5 cap
2026-08-15,PH-12,SMC-EN-2036,ENT,Amoxycillin 500 mg Capsules,1 strip
2026-08-15,PH-12,SMC-GP-1222,General practice,Ciprofloxacin 500 mg Tablets,6 tab
2026-08-15,PH-12,SMC-GP-1222,General practice,Wymox 500 Capsule,14 cap
2026-08-15,PH-12,SMC-GP-1444,General practice,Wymox 500 Capsule,15 cap
2026-08-15,PH-12,SMC-GP-1555,General practice,Monocef-O 200,5 cap
2026-08-15,PH-12,SMC-GP-1666,General practice,Wymox 500 Capsule,3 tab
2026-08-15,PH-12,SMC-PD-1888,Paediatrics,Taxim-O 200 Tablet,10 tab
2026-08-15,PH-12,SMC-PD-1888,Paediatrics,Ciprofloxacin 500 mg Tablets,1 strip
2026-08-16,PH-01,SMC-PD-1888,Paediatrics,Azithromycin 500 mg Tablets,1 strip
2026-08-16,PH-02,,Unregistered,Ofloxacin 200 mg Tablets,3 tab
2026-08-16,PH-02,SMC-PD-1777,Paediatrics,Amoxycillin 500 mg + Potassium Clavulanate 125 mg Tablets,3 tab
2026-08-16,PH-02,SMC-PD-1851,Paediatrics,Amoxycillin 500 mg + Potassium Clavulanate 125 mg Tablets,1 strip
2026-08-16,PH-02,SMC-PD-1851,Paediatrics,Clavam 625,14 cap
2026-08-16,PH-02,SMC-PD-1851,Paediatrics,Amoxycillin 500 mg + Potassium Clavulanate 125 mg Tablets,10 tab
2026-08-16,PH-03,SMC-GP-1592,General practice,Azithromycin 500 mg Tablets,6 tab
2026-08-16,PH-04,,Unregistered,Cefixime 200 mg + Ofloxacin 200 mg Tablets,15 cap
2026-08-16,PH-04,SMC-GP-1222,General practice,Clavam 625,3 tab
2026-08-16,PH-04,SMC-GP-1222,General practice,Amoxycillin 500 mg + Potassium Clavulanate 125 mg Tablets,3 tab
2026-08-16,PH-04,SMC-GP-1666,General practice,Taxim-O 200 Tablet,6 tab
2026-08-16,PH-04,SMC-GP-1666,General practice,Levofloxacin 500 mg Tablets,3 tab
2026-08-16,PH-04,SMC-PD-1703,Paediatrics,Amoxycillin 500 mg Capsules,10 tab
2026-08-16,PH-05,SMC-EN-2110,ENT,Nitrofurantoin 100 mg Capsules,6 tab
2026-08-16,PH-05,SMC-GP-1148,General practice,Nitrofurantoin 100 mg Capsules,6 tab
2026-08-16,PH-05,SMC-GP-1407,General practice,Ofloxacin 200 mg Tablets,10 tab
2026-08-16,PH-05,SMC-GP-1555,General practice,Cephalexin 500 mg Capsules,5 cap
2026-08-16,PH-05,SMC-GP-1592,General practice,Moxileb 250 DT,1 strip
2026-08-16,PH-05,SMC-PD-1777,Paediatrics,Moxileb 250 DT,1 strip
2026-08-16,PH-05,SMC-PD-1851,Paediatrics,Amoxycillin 500 mg Capsules,6 tab
2026-08-16,PH-06,SMC-EN-1962,ENT,Cephalexin 500 mg Capsules,10 tab
2026-08-16,PH-06,SMC-EN-2036,ENT,Clarithromycin 500 mg Tablets,14 cap
2026-08-16,PH-06,SMC-GP-1296,General practice,Cephalexin 500 mg Capsules,14 cap
2026-08-16,PH-06,SMC-GP-1296,General practice,Amoxycillin 500 mg Capsules,10 tab
2026-08-16,PH-06,SMC-GP-1444,General practice,Clarithromycin 500 mg Tablets,10 tab
2026-08-16,PH-07,SMC-EN-2110,ENT,Levofloxacin 500 mg Tablets,1 strip
2026-08-16,PH-07,SMC-GP-1148,General practice,Amoxycillin 500 mg Capsules,6 tab
2026-08-16,PH-07,SMC-GP-1259,General practice,Amoxycillin 500 mg + Potassium Clavulanate 125 mg Tablets,14 cap
2026-08-16,PH-07,SMC-PD-1814,Paediatrics,Nitrofurantoin 100 mg Capsules,15 cap
2026-08-16,PH-08,,Unregistered,Cefuroxime 500 mg Tablets,5 cap
2026-08-16,PH-08,,Unregistered,Levofloxacin 500 mg Tablets,10 tab
2026-08-16,PH-08,SMC-EN-1999,ENT,Ofloxacin 200 mg Tablets,1 strip
2026-08-16,PH-08,SMC-EN-2073,ENT,Amoxycillin 500 mg Capsules,15 cap
2026-08-16,PH-08,SMC-EN-2073,ENT,Amoxycillin 500 mg Capsules,5 cap
2026-08-16,PH-08,SMC-GP-1296,General practice,Doxycycline 100 mg Capsules,5 cap
2026-08-16,PH-08,SMC-GP-1296,General practice,Clarithromycin 500 mg Tablets,5 cap
2026-08-16,PH-08,SMC-GP-1407,General practice,Clavam 625,3 tab
2026-08-16,PH-08,SMC-GP-1407,General practice,Moxileb 250 DT,5 cap
2026-08-16,PH-08,SMC-GP-1407,General practice,Ciprofloxacin 500 mg Tablets,3 tab
2026-08-16,PH-08,SMC-GP-1592,General practice,Clavam 625,5 cap
2026-08-16,PH-08,SMC-GP-1592,General practice,Clavam 625,6 tab
2026-08-16,PH-08,SMC-GP-1629,General practice,Ofloxacin 200mg & Ornidazole 500mg Tab,3 tab
2026-08-16,PH-08,SMC-PD-1703,Paediatrics,Doxycycline 100 mg Capsules,15 cap
2026-08-16,PH-09,SMC-EN-1999,ENT,Doxycycline 100 mg Capsules,6 tab
2026-08-16,PH-09,SMC-EN-1999,ENT,Monocef-O 200,5 cap
2026-08-16,PH-09,SMC-GP-1074,General practice,Nitrofurantoin 100 mg Capsules,3 tab
2026-08-16,PH-09,SMC-GP-1148,General practice,Amoxycillin 500 mg + Potassium Clavulanate 125 mg Tablets,15 cap
2026-08-16,PH-09,SMC-GP-1185,General practice,Cefixime 200 mg Tablets IP,10 tab
2026-08-16,PH-09,SMC-GP-1296,General practice,Amoxycillin 500 mg Capsules,5 cap
2026-08-16,PH-09,SMC-GP-1370,General practice,Amoxycillin 500 mg Capsules,3 tab
2026-08-16,PH-09,SMC-PD-1851,Paediatrics,Clavam 625,1 strip
2026-08-16,PH-10,SMC-GP-1074,General practice,Wymox 500 Capsule,10 tab
2026-08-16,PH-10,SMC-GP-1074,General practice,Wymox 500 Capsule,15 cap
2026-08-16,PH-10,SMC-GP-1407,General practice,Cefixime 200 mg Tablets IP,3 tab
2026-08-16,PH-10,SMC-GP-1407,General practice,Faropenem 200 mg Tablets,6 tab
2026-08-16,PH-10,SMC-PD-1777,Paediatrics,Cephalexin 500 mg Capsules,5 cap
2026-08-16,PH-11,SMC-GP-1037,General practice,Taxim-O 200 Tablet,10 tab
2026-08-16,PH-11,SMC-GP-1333,General practice,Cefuroxime 500 mg Tablets,10 tab
2026-08-16,PH-11,SMC-GP-1555,General practice,Monocef-O 200,3 tab
2026-08-16,PH-12,,Unregistered,Levofloxacin 500 mg Tablets,3 tab
2026-08-16,PH-12,SMC-EN-2036,ENT,Zifi 200 Tablet,6 tab
2026-08-16,PH-12,SMC-GP-1222,General practice,Amoxycillin 500 mg + Potassium Clavulanate 125 mg Tablets,5 cap
2026-08-16,PH-12,SMC-GP-1370,General practice,Cefixime 200 mg Tablets IP,5 cap
2026-08-16,PH-12,SMC-GP-1444,General practice,Clavam 625,5 cap
2026-08-16,PH-12,SMC-GP-1555,General practice,Moxileb 250 DT,14 cap
2026-08-17,PH-01,SMC-EN-1962,ENT,Amoxycillin 500 mg + Potassium Clavulanate 125 mg Tablets,1 strip
2026-08-17,PH-01,SMC-GP-1518,General practice,Clarithromycin 500 mg Tablets,3 tab
2026-08-17,PH-02,SMC-GP-1259,General practice,Doxycycline 100 mg Capsules,3 tab
2026-08-17,PH-03,SMC-GP-1333,General practice,Moxileb 250 DT,14 cap
2026-08-17,PH-03,SMC-PD-1740,Paediatrics,Taxim-O 200 Tablet,6 tab
2026-08-17,PH-04,SMC-EN-1999,ENT,Amoxycillin 500 mg Capsules,3 tab
2026-08-17,PH-04,SMC-GP-1074,General practice,Levofloxacin 500 mg Tablets,3 tab
2026-08-17,PH-04,SMC-GP-1222,General practice,Amoxycillin 500 mg Capsules,10 tab
2026-08-17,PH-04,SMC-GP-1444,General practice,Wymox 500 Capsule,15 cap
2026-08-17,PH-04,SMC-PD-1888,Paediatrics,Amoxycillin 500 mg Capsules,14 cap
2026-08-17,PH-05,SMC-EN-1962,ENT,Clavam 625,15 cap
2026-08-17,PH-05,SMC-GP-1518,General practice,Moxileb 250 DT,14 cap
2026-08-17,PH-05,SMC-GP-1518,General practice,Amoxycillin 500 mg Capsules,10 tab
2026-08-17,PH-05,SMC-GP-1518,General practice,Levofloxacin 500 mg Tablets,6 tab
2026-08-17,PH-05,SMC-GP-1555,General practice,Nitrofurantoin 100 mg Capsules,5 cap
2026-08-17,PH-05,SMC-GP-1555,General practice,Levofloxacin 500 mg Tablets,1 strip
2026-08-17,PH-05,SMC-GP-1629,General practice,Wymox 500 Capsule,10 tab
2026-08-17,PH-05,SMC-PD-1777,Paediatrics,Doxycycline 100 mg Capsules,1 strip
2026-08-17,PH-05,SMC-PD-1851,Paediatrics,Wymox 500 Capsule,15 cap
2026-08-17,PH-06,SMC-EN-1962,ENT,Cephalexin 500 mg Capsules,1 strip
2026-08-17,PH-06,SMC-EN-2036,ENT,Clavam 625,6 tab
2026-08-17,PH-06,SMC-EN-2036,ENT,Clavam 625,5 cap
2026-08-17,PH-06,SMC-GP-1111,General practice,Azithromycin 500 mg Tablets,5 cap
2026-08-17,PH-06,SMC-GP-1111,General practice,Wymox 500 Capsule,3 tab
2026-08-17,PH-06,SMC-GP-1370,General practice,Cephalexin 500 mg Capsules,15 cap
2026-08-17,PH-06,SMC-GP-1444,General practice,Wymox 500 Capsule,15 cap
2026-08-17,PH-07,SMC-EN-2073,ENT,Taxim-O 200 Tablet,10 tab
2026-08-17,PH-07,SMC-EN-2110,ENT,Nitrofurantoin 100 mg Capsules,1 strip
2026-08-17,PH-07,SMC-GP-1148,General practice,Azithromycin 500 mg Tablets,3 tab
2026-08-17,PH-07,SMC-GP-1148,General practice,Wymox 500 Capsule,1 strip
2026-08-17,PH-07,SMC-GP-1148,General practice,Ofloxacin 200mg & Ornidazole 500mg Tab,3 tab
2026-08-17,PH-08,SMC-EN-1999,ENT,Ciprofloxacin 500 mg Tablets,1 strip
2026-08-17,PH-08,SMC-EN-1999,ENT,Cephalexin 500 mg Capsules,5 cap
2026-08-17,PH-08,SMC-EN-2036,ENT,Clarithromycin 500 mg Tablets,15 cap
2026-08-17,PH-08,SMC-EN-2036,ENT,Amoxycillin 500 mg Capsules,5 cap
2026-08-17,PH-08,SMC-PD-1703,Paediatrics,Clavam 625,10 tab
2026-08-17,PH-09,,Unregistered,Ciprofloxacin 500 mg Tablets,5 cap
2026-08-17,PH-09,,Unregistered,Monocef-O 200,14 cap
2026-08-17,PH-09,SMC-EN-1999,ENT,Cephalexin 500 mg Capsules,3 tab
2026-08-17,PH-09,SMC-GP-1037,General practice,Taxim-O 200 Tablet,15 cap
2026-08-17,PH-09,SMC-GP-1037,General practice,Nitrofurantoin 100 mg Capsules,10 tab
2026-08-17,PH-09,SMC-GP-1074,General practice,Clavam 625,10 tab
2026-08-17,PH-09,SMC-GP-1074,General practice,Nitrofurantoin 100 mg Capsules,6 tab
2026-08-17,PH-09,SMC-GP-1074,General practice,Amoxycillin 500 mg Capsules,3 tab
2026-08-17,PH-09,SMC-GP-1074,General practice,Monocef-O 200,10 tab
2026-08-17,PH-09,SMC-GP-1148,General practice,Amoxycillin 500 mg Capsules,1 strip
2026-08-17,PH-09,SMC-GP-1370,General practice,Amoxycillin 500 mg Capsules,14 cap
2026-08-17,PH-10,,Unregistered,Azithromycin 500 mg Tablets,15 cap
2026-08-17,PH-10,SMC-GP-1074,General practice,Wymox 500 Capsule,6 tab
2026-08-17,PH-10,SMC-GP-1074,General practice,Doxycycline 100 mg Capsules,3 tab
2026-08-17,PH-10,SMC-GP-1074,General practice,Amoxycillin 500 mg + Potassium Clavulanate 125 mg Tablets,14 cap
2026-08-17,PH-11,SMC-PD-1814,Paediatrics,Moxileb 250 DT,10 tab
2026-08-17,PH-12,SMC-GP-1518,General practice,Doxycycline 100 mg Capsules,14 cap
2026-08-17,PH-12,SMC-GP-1555,General practice,Zifi 200 Tablet,10 tab
2026-08-17,PH-12,SMC-GP-1666,General practice,Wymox 500 Capsule,10 tab
2026-08-17,PH-12,SMC-PD-1888,Paediatrics,Amoxycillin 500 mg Capsules,10 tab
2026-08-18,PH-01,SMC-GP-1518,General practice,Wymox 500 Capsule,15 cap
2026-08-18,PH-01,SMC-GP-1629,General practice,Nitrofurantoin 100 mg Capsules,15 cap
2026-08-18,PH-01,SMC-PD-1703,Paediatrics,Clavam 625,6 tab
2026-08-18,PH-02,,Unregistered,Ciprofloxacin 500 mg Tablets,3 tab
2026-08-18,PH-03,SMC-GP-1111,General practice,Cefixime 200 mg Tablets IP,3 tab
2026-08-18,PH-03,SMC-GP-1259,General practice,Amoxycillin 500 mg Capsules,14 cap
2026-08-18,PH-04,,Unregistered,Amoxycillin 500 mg + Potassium Clavulanate 125 mg Tablets,15 cap
2026-08-18,PH-04,SMC-EN-1999,ENT,Clarithromycin 500 mg Tablets,5 cap
2026-08-18,PH-04,SMC-GP-1074,General practice,Nitrofurantoin 100 mg Capsules,1 strip
2026-08-18,PH-04,SMC-GP-1074,General practice,Doxycycline 100 mg Capsules,6 tab
2026-08-18,PH-04,SMC-GP-1074,General practice,Wymox 500 Capsule,5 cap
2026-08-18,PH-04,SMC-GP-1222,General practice,Cefixime 200 mg Tablets IP,3 tab
2026-08-18,PH-04,SMC-PD-1888,Paediatrics,Ciprofloxacin 500 mg Tablets,6 tab
2026-08-18,PH-04,SMC-PD-1925,Paediatrics,Amoxycillin 500 mg + Potassium Clavulanate 125 mg Tablets,14 cap
2026-08-18,PH-05,SMC-EN-1962,ENT,Wymox 500 Capsule,10 tab
2026-08-18,PH-05,SMC-EN-2110,ENT,Ofloxacin 200 mg Tablets,3 tab
2026-08-18,PH-05,SMC-GP-1518,General practice,Amoxycillin 500 mg + Potassium Clavulanate 125 mg Tablets,5 cap
2026-08-18,PH-05,SMC-GP-1629,General practice,Clarithromycin 500 mg Tablets,3 tab
2026-08-18,PH-05,SMC-PD-1851,Paediatrics,Taxim-O 200 Tablet,5 cap
2026-08-18,PH-06,SMC-EN-1962,ENT,Nitrofurantoin 100 mg Capsules,1 strip
2026-08-18,PH-06,SMC-EN-2036,ENT,Levofloxacin 500 mg Tablets,14 cap
2026-08-18,PH-06,SMC-GP-1111,General practice,Amoxycillin 500 mg + Potassium Clavulanate 125 mg Tablets,14 cap
2026-08-18,PH-07,SMC-EN-2073,ENT,Cefixime 200 mg Tablets IP,10 tab
2026-08-18,PH-07,SMC-GP-1148,General practice,Clavam 625,10 tab
2026-08-18,PH-07,SMC-GP-1148,General practice,Moxileb 250 DT,6 tab
2026-08-18,PH-07,SMC-GP-1185,General practice,Cefixime 200 mg Tablets IP,3 tab
2026-08-18,PH-07,SMC-GP-1185,General practice,Doxycycline 100 mg Capsules,14 cap
2026-08-18,PH-07,SMC-GP-1185,General practice,Cephalexin 500 mg Capsules,6 tab
2026-08-18,PH-07,SMC-GP-1185,General practice,Clarithromycin 500 mg Tablets,3 tab
2026-08-18,PH-07,SMC-GP-1259,General practice,Monocef-O 200,15 cap
2026-08-18,PH-07,SMC-GP-1481,General practice,Wymox 500 Capsule,3 tab
2026-08-18,PH-08,SMC-EN-1999,ENT,Wymox 500 Capsule,3 tab
2026-08-18,PH-08,SMC-EN-1999,ENT,Taxim-O 200 Tablet,14 cap
2026-08-18,PH-08,SMC-EN-2036,ENT,Cephalexin 500 mg Capsules,14 cap
2026-08-18,PH-08,SMC-EN-2036,ENT,Moxileb 250 DT,15 cap
2026-08-18,PH-08,SMC-EN-2036,ENT,Amoxycillin 500 mg Capsules,1 strip
2026-08-18,PH-08,SMC-EN-2073,ENT,Clavam 625,15 cap
2026-08-18,PH-08,SMC-GP-1407,General practice,Cephalexin 500 mg Capsules,3 tab
2026-08-18,PH-08,SMC-PD-1703,Paediatrics,Cephalexin 500 mg Capsules,5 cap
2026-08-18,PH-08,SMC-PD-1740,Paediatrics,Cefuroxime 500 mg Tablets,1 strip
2026-08-18,PH-09,SMC-EN-1999,ENT,Nitrofurantoin 100 mg Capsules,5 cap
2026-08-18,PH-09,SMC-EN-1999,ENT,Cefixime 200 mg Tablets IP,15 cap
2026-08-18,PH-09,SMC-PD-1851,Paediatrics,Azithromycin 500 mg Tablets,5 cap
2026-08-18,PH-09,SMC-PD-1925,Paediatrics,Taxim-O 200 Tablet,5 cap
2026-08-18,PH-10,SMC-GP-1074,General practice,Doxycycline 100 mg Capsules,14 cap
2026-08-18,PH-11,,Unregistered,Cefixime 200 mg Tablets IP,5 cap
2026-08-18,PH-11,SMC-GP-1222,General practice,Cephalexin 500 mg Capsules,15 cap
2026-08-18,PH-12,SMC-EN-2036,ENT,Clavam 625,10 tab
2026-08-18,PH-12,SMC-GP-1185,General practice,Clarithromycin 500 mg Tablets,5 cap
2026-08-18,PH-12,SMC-GP-1185,General practice,Doxycycline 100 mg Capsules,6 tab
2026-08-18,PH-12,SMC-GP-1222,General practice,Clavam 625,6 tab
2026-08-18,PH-12,SMC-GP-1222,General practice,Amoxycillin 500 mg Capsules,3 tab
2026-08-18,PH-12,SMC-GP-1222,General practice,Nitrofurantoin 100 mg Capsules,10 tab
2026-08-18,PH-12,SMC-GP-1370,General practice,Amoxycillin 500 mg Capsules,3 tab
2026-08-18,PH-12,SMC-GP-1370,General practice,Doxycycline 100 mg Capsules,3 tab
2026-08-18,PH-12,SMC-GP-1444,General practice,Clarithromycin 500 mg Tablets,14 cap
2026-08-18,PH-12,SMC-GP-1518,General practice,Clavam 625,1 strip
2026-08-18,PH-12,SMC-GP-1555,General practice,Ofloxacin 200 mg Tablets,15 cap
2026-08-18,PH-12,SMC-GP-1555,General practice,Cephalexin 500 mg Capsules,15 cap
2026-08-18,PH-12,SMC-GP-1666,General practice,Ciprofloxacin 500 mg Tablets,10 tab
2026-08-18,PH-12,SMC-GP-1666,General practice,Moxileb 250 DT,3 tab
2026-08-19,PH-01,,Unregistered,Clarithromycin 500 mg Tablets,5 cap
2026-08-19,PH-02,SMC-GP-1259,General practice,Clarithromycin 500 mg Tablets,14 cap
2026-08-19,PH-02,SMC-GP-1259,General practice,Azithromycin 500 mg Tablets,14 cap
2026-08-19,PH-02,SMC-GP-1259,General practice,Doxycycline 100 mg Capsules,15 cap
2026-08-19,PH-02,SMC-PD-1851,Paediatrics,Moxileb 250 DT,15 cap
2026-08-19,PH-02,SMC-PD-1851,Paediatrics,Amoxycillin 500 mg Capsules,10 tab
2026-08-19,PH-03,SMC-GP-1259,General practice,Cephalexin 500 mg Capsules,1 strip
2026-08-19,PH-03,SMC-GP-1259,General practice,Amoxycillin 500 mg + Potassium Clavulanate 125 mg Tablets,10 tab
2026-08-19,PH-04,SMC-GP-1074,General practice,Clavam 625,3 tab
2026-08-19,PH-04,SMC-GP-1444,General practice,Cephalexin 500 mg Capsules,6 tab
2026-08-19,PH-04,SMC-GP-1444,General practice,Wymox 500 Capsule,14 cap
2026-08-19,PH-04,SMC-PD-1925,Paediatrics,Wymox 500 Capsule,10 tab
2026-08-19,PH-05,SMC-EN-2110,ENT,Amoxycillin 500 mg Capsules,14 cap
2026-08-19,PH-05,SMC-GP-1518,General practice,Taxim-O 200 Tablet,1 strip
2026-08-19,PH-05,SMC-GP-1592,General practice,Taxim-O 200 Tablet,14 cap
2026-08-19,PH-05,SMC-GP-1629,General practice,Nitrofurantoin 100 mg Capsules,5 cap
2026-08-19,PH-05,SMC-GP-1629,General practice,Nitrofurantoin 100 mg Capsules,1 strip
2026-08-19,PH-05,SMC-GP-1629,General practice,Nitrofurantoin 100 mg Capsules,6 tab
2026-08-19,PH-06,SMC-EN-2036,ENT,Amoxycillin 500 mg Capsules,14 cap
2026-08-19,PH-06,SMC-EN-2036,ENT,Clavam 625,6 tab
2026-08-19,PH-06,SMC-EN-2036,ENT,Doxycycline 100 mg Capsules,6 tab
2026-08-19,PH-06,SMC-GP-1370,General practice,Clavam 625,10 tab
2026-08-19,PH-06,SMC-GP-1444,General practice,Moxileb 250 DT,5 cap
2026-08-19,PH-07,SMC-EN-2073,ENT,Moxileb 250 DT,6 tab
2026-08-19,PH-07,SMC-GP-1259,General practice,Amoxycillin 500 mg + Potassium Clavulanate 125 mg Tablets,14 cap
2026-08-19,PH-08,SMC-GP-1407,General practice,Taxim-O 200 Tablet,3 tab
2026-08-19,PH-08,SMC-GP-1407,General practice,Azithromycin 500 mg Tablets,14 cap
2026-08-19,PH-08,SMC-GP-1407,General practice,Clarithromycin 500 mg Tablets,3 tab
2026-08-19,PH-08,SMC-PD-1703,Paediatrics,Levofloxacin 500 mg Tablets,3 tab
2026-08-19,PH-09,,Unregistered,Cefuroxime 500 mg Tablets,14 cap
2026-08-19,PH-09,SMC-EN-1999,ENT,Clavam 625,14 cap
2026-08-19,PH-09,SMC-GP-1185,General practice,Moxileb 250 DT,15 cap
2026-08-19,PH-09,SMC-GP-1370,General practice,Nitrofurantoin 100 mg Capsules,10 tab
2026-08-19,PH-09,SMC-GP-1370,General practice,Cefuroxime 500 mg Tablets,14 cap
2026-08-19,PH-09,SMC-PD-1851,Paediatrics,Cephalexin 500 mg Capsules,5 cap
2026-08-19,PH-10,SMC-GP-1074,General practice,Cephalexin 500 mg Capsules,1 strip
2026-08-19,PH-10,SMC-GP-1074,General practice,Wymox 500 Capsule,14 cap
2026-08-19,PH-10,SMC-GP-1407,General practice,Wymox 500 Capsule,10 tab
2026-08-19,PH-10,SMC-PD-1777,Paediatrics,Ofloxacin 200 mg Tablets,5 cap
2026-08-19,PH-10,SMC-PD-1814,Paediatrics,Wymox 500 Capsule,1 strip
2026-08-19,PH-11,SMC-GP-1222,General practice,Amoxycillin 500 mg + Potassium Clavulanate 125 mg Tablets,1 strip
2026-08-19,PH-11,SMC-PD-1814,Paediatrics,Cefuroxime 500 mg Tablets,5 cap
2026-08-19,PH-12,SMC-EN-2036,ENT,Moxileb 250 DT,15 cap
2026-08-19,PH-12,SMC-GP-1222,General practice,Levofloxacin 500 mg Tablets,14 cap
2026-08-19,PH-12,SMC-GP-1444,General practice,Amoxycillin 500 mg Capsules,6 tab
2026-08-19,PH-12,SMC-GP-1444,General practice,Cefixime 200 mg Tablets IP,5 cap
2026-08-20,PH-01,SMC-GP-1629,General practice,Clavam 625,5 cap
2026-08-20,PH-01,SMC-PD-1703,Paediatrics,Taxim-O 200 Tablet,5 cap
2026-08-20,PH-02,SMC-PD-1777,Paediatrics,Clavam 625,6 tab
2026-08-20,PH-02,SMC-PD-1851,Paediatrics,Amoxycillin 500 mg Capsules,1 strip
2026-08-20,PH-02,SMC-PD-1851,Paediatrics,Amoxycillin 500 mg + Potassium Clavulanate 125 mg Tablets,14 cap
2026-08-20,PH-04,SMC-EN-1999,ENT,Cefixime 200 mg Tablets IP,14 cap
2026-08-20,PH-04,SMC-GP-1074,General practice,Cephalexin 500 mg Capsules,6 tab
2026-08-20,PH-04,SMC-GP-1444,General practice,Ciprofloxacin 500 mg Tablets,14 cap
2026-08-20,PH-04,SMC-GP-1444,General practice,Nitrofurantoin 100 mg Capsules,6 tab
2026-08-20,PH-04,SMC-PD-1703,Paediatrics,Cephalexin 500 mg Capsules,6 tab
2026-08-20,PH-04,SMC-PD-1888,Paediatrics,Cefixime 200 mg Tablets IP,6 tab
2026-08-20,PH-04,SMC-PD-1925,Paediatrics,Cefixime 200 mg Tablets IP,3 tab
2026-08-20,PH-05,SMC-EN-1962,ENT,Doxycycline 100 mg Capsules,3 tab
2026-08-20,PH-05,SMC-GP-1148,General practice,Levofloxacin 500 mg Tablets,15 cap
2026-08-20,PH-05,SMC-GP-1518,General practice,Clavam 625,1 strip
2026-08-20,PH-05,SMC-PD-1777,Paediatrics,Taxim-O 200 Tablet,10 tab
2026-08-20,PH-05,SMC-PD-1777,Paediatrics,Nitrofurantoin 100 mg Capsules,14 cap
2026-08-20,PH-05,SMC-PD-1777,Paediatrics,Wymox 500 Capsule,6 tab
2026-08-20,PH-05,SMC-PD-1851,Paediatrics,Doxycycline 100 mg Capsules,3 tab
2026-08-20,PH-06,SMC-EN-2036,ENT,Amoxycillin 500 mg + Potassium Clavulanate 125 mg Tablets,14 cap
2026-08-20,PH-06,SMC-GP-1370,General practice,Clavam 625,5 cap
2026-08-20,PH-06,SMC-GP-1444,General practice,Amoxycillin 500 mg Capsules,5 cap
2026-08-20,PH-07,SMC-GP-1185,General practice,Cefixime 200 mg Tablets IP,1 strip
2026-08-20,PH-07,SMC-GP-1259,General practice,Levofloxacin 500 mg Tablets,15 cap
2026-08-20,PH-07,SMC-GP-1259,General practice,Doxycycline 100 mg Capsules,10 tab
2026-08-20,PH-07,SMC-GP-1259,General practice,Amoxycillin 500 mg + Potassium Clavulanate 125 mg Tablets,6 tab
2026-08-20,PH-07,SMC-PD-1814,Paediatrics,Amoxycillin 500 mg + Potassium Clavulanate 125 mg Tablets,3 tab
2026-08-20,PH-08,,Unregistered,Levofloxacin 500 mg Tablets,14 cap
2026-08-20,PH-08,SMC-EN-1999,ENT,Doxycycline 100 mg Capsules,1 strip
2026-08-20,PH-08,SMC-GP-1407,General practice,Wymox 500 Capsule,1 strip
2026-08-20,PH-08,SMC-GP-1407,General practice,Ciprofloxacin 500 mg Tablets,5 cap
2026-08-20,PH-08,SMC-GP-1592,General practice,Taxim-O 200 Tablet,1 strip
2026-08-20,PH-08,SMC-GP-1629,General practice,Ofloxacin 200mg & Ornidazole 500mg Tab,5 cap
2026-08-20,PH-09,SMC-EN-1999,ENT,Cephalexin 500 mg Capsules,5 cap
2026-08-20,PH-09,SMC-GP-1185,General practice,Clavam 625,10 tab
2026-08-20,PH-09,SMC-GP-1296,General practice,Cefixime 200 mg Tablets IP,3 tab
2026-08-20,PH-09,SMC-GP-1481,General practice,Amoxycillin 500 mg Capsules,15 cap
2026-08-20,PH-09,SMC-PD-1851,Paediatrics,Cephalexin 500 mg Capsules,10 tab
2026-08-20,PH-10,,Unregistered,Amoxycillin 500 mg + Potassium Clavulanate 125 mg Tablets,1 strip
2026-08-20,PH-10,SMC-GP-1074,General practice,Nitrofurantoin 100 mg Capsules,15 cap
2026-08-20,PH-10,SMC-GP-1407,General practice,Cefuroxime 500 mg Tablets,10 tab
2026-08-20,PH-10,SMC-GP-1481,General practice,Amoxycillin 500 mg Capsules,5 cap
2026-08-20,PH-10,SMC-GP-1481,General practice,Doxycycline 100 mg Capsules,14 cap
2026-08-20,PH-11,,Unregistered,Azithromycin 500 mg Tablets,3 tab
2026-08-20,PH-11,SMC-GP-1222,General practice,Moxileb 250 DT,1 strip
2026-08-20,PH-11,SMC-GP-1222,General practice,Doxycycline 100 mg Capsules,5 cap
2026-08-20,PH-11,SMC-GP-1555,General practice,Levofloxacin 500 mg Tablets,10 tab
2026-08-20,PH-11,SMC-GP-1555,General practice,Clarithromycin 500 mg Tablets,3 tab
2026-08-20,PH-11,SMC-GP-1555,General practice,Moxileb 250 DT,14 cap
2026-08-20,PH-11,SMC-GP-1555,General practice,Doxycycline 100 mg Capsules,3 tab
2026-08-20,PH-12,SMC-GP-1185,General practice,Taxim-O 200 Tablet,14 cap
2026-08-20,PH-12,SMC-GP-1444,General practice,Amoxycillin 500 mg + Potassium Clavulanate 125 mg Tablets,6 tab
2026-08-20,PH-12,SMC-GP-1444,General practice,Moxileb 250 DT,5 cap
2026-08-20,PH-12,SMC-GP-1518,General practice,Doxycycline 100 mg Capsules,1 strip
2026-08-20,PH-12,SMC-GP-1555,General practice,Taxim-O 200 Tablet,5 cap
2026-08-20,PH-12,SMC-GP-1555,General practice,Taxim-O 200 Tablet,3 tab
2026-08-20,PH-12,SMC-GP-1666,General practice,Moxileb 250 DT,3 tab
2026-08-20,PH-12,SMC-PD-1888,Paediatrics,Nitrofurantoin 100 mg Capsules,3 tab
2026-08-21,PH-01,SMC-EN-1962,ENT,Doxycycline 100 mg Capsules,5 cap
2026-08-21,PH-01,SMC-PD-1703,Paediatrics,Amoxycillin 500 mg + Potassium Clavulanate 125 mg Tablets,6 tab
2026-08-21,PH-01,SMC-PD-1703,Paediatrics,Moxileb 250 DT,15 cap
2026-08-21,PH-02,SMC-PD-1777,Paediatrics,Ofloxacin 200mg & Ornidazole 500mg Tab,14 cap
2026-08-21,PH-03,SMC-GP-1111,General practice,Nitrofurantoin 100 mg Capsules,3 tab
2026-08-21,PH-03,SMC-GP-1333,General practice,Amoxycillin 500 mg Capsules,10 tab
2026-08-21,PH-04,SMC-GP-1222,General practice,Nitrofurantoin 100 mg Capsules,14 cap
2026-08-21,PH-04,SMC-GP-1444,General practice,Taxim-O 200 Tablet,15 cap
2026-08-21,PH-04,SMC-PD-1703,Paediatrics,Cephalexin 500 mg Capsules,6 tab
2026-08-21,PH-05,SMC-EN-2110,ENT,Doxycycline 100 mg Capsules,10 tab
2026-08-21,PH-05,SMC-GP-1111,General practice,Wymox 500 Capsule,10 tab
2026-08-21,PH-05,SMC-GP-1148,General practice,Ofloxacin 200 mg Tablets,10 tab
2026-08-21,PH-05,SMC-GP-1407,General practice,Ciprofloxacin 500 mg Tablets,3 tab
2026-08-21,PH-05,SMC-GP-1518,General practice,Cefuroxime 500 mg Tablets,3 tab
2026-08-21,PH-05,SMC-GP-1518,General practice,Levofloxacin 500 mg Tablets,1 strip
2026-08-21,PH-05,SMC-GP-1555,General practice,Amoxycillin 500 mg + Potassium Clavulanate 125 mg Tablets,1 strip
2026-08-21,PH-05,SMC-GP-1555,General practice,Azithromycin 500 mg Tablets,10 tab
2026-08-21,PH-05,SMC-GP-1629,General practice,Amoxycillin 500 mg Capsules,6 tab
2026-08-21,PH-05,SMC-PD-1740,Paediatrics,Taxim-O 200 Tablet,15 cap
2026-08-21,PH-06,,Unregistered,Cefixime 200 mg Tablets IP,1 strip
2026-08-21,PH-06,SMC-EN-1962,ENT,Ofloxacin 200mg & Ornidazole 500mg Tab,15 cap
2026-08-21,PH-06,SMC-GP-1296,General practice,Doxycycline 100 mg Capsules,1 strip
2026-08-21,PH-07,,Unregistered,Clarithromycin 500 mg Tablets,6 tab
2026-08-21,PH-07,SMC-GP-1148,General practice,Wymox 500 Capsule,6 tab
2026-08-21,PH-07,SMC-GP-1185,General practice,Ofloxacin 200mg & Ornidazole 500mg Tab,6 tab
2026-08-21,PH-08,,Unregistered,Cefixime 200 mg Tablets IP,6 tab
2026-08-21,PH-08,SMC-EN-1999,ENT,Cephalexin 500 mg Capsules,3 tab
2026-08-21,PH-08,SMC-EN-2036,ENT,Cephalexin 500 mg Capsules,10 tab
2026-08-21,PH-08,SMC-EN-2036,ENT,Clavam 625,1 strip
2026-08-21,PH-08,SMC-EN-2036,ENT,Amoxycillin 500 mg + Potassium Clavulanate 125 mg Tablets,1 strip
2026-08-21,PH-08,SMC-EN-2036,ENT,Nitrofurantoin 100 mg Capsules,1 strip
2026-08-21,PH-08,SMC-GP-1333,General practice,Ofloxacin 200mg & Ornidazole 500mg Tab,6 tab
2026-08-21,PH-08,SMC-GP-1629,General practice,Moxileb 250 DT,10 tab
2026-08-21,PH-08,SMC-PD-1703,Paediatrics,Levofloxacin 500 mg Tablets,5 cap
2026-08-21,PH-08,SMC-PD-1703,Paediatrics,Doxycycline 100 mg Capsules,5 cap
2026-08-21,PH-09,SMC-EN-1999,ENT,Taxim-O 200 Tablet,15 cap
2026-08-21,PH-09,SMC-GP-1148,General practice,Nitrofurantoin 100 mg Capsules,6 tab
2026-08-21,PH-09,SMC-GP-1185,General practice,Wymox 500 Capsule,10 tab
2026-08-21,PH-09,SMC-GP-1370,General practice,Clavam 625,1 strip
2026-08-21,PH-09,SMC-PD-1851,Paediatrics,Nitrofurantoin 100 mg Capsules,6 tab
2026-08-21,PH-09,SMC-PD-1925,Paediatrics,Doxycycline 100 mg Capsules,5 cap
2026-08-21,PH-11,SMC-GP-1037,General practice,Ofloxacin 200 mg Tablets,3 tab
2026-08-21,PH-11,SMC-PD-1814,Paediatrics,Cefixime 200 mg Tablets IP,15 cap
2026-08-21,PH-12,SMC-GP-1185,General practice,Levofloxacin 500 mg Tablets,1 strip
2026-08-21,PH-12,SMC-GP-1185,General practice,Amoxycillin 500 mg + Potassium Clavulanate 125 mg Tablets,5 cap
2026-08-21,PH-12,SMC-GP-1518,General practice,Ciprofloxacin 500 mg Tablets,3 tab
2026-08-21,PH-12,SMC-PD-1888,Paediatrics,Ofloxacin 200mg & Ornidazole 500mg Tab,14 cap
2026-08-21,PH-12,SMC-PD-1888,Paediatrics,Cefixime 200 mg + Ofloxacin 200 mg Tablets,15 cap
2026-08-22,PH-01,SMC-GP-1629,General practice,Cephalexin 500 mg Capsules,3 tab
2026-08-22,PH-02,SMC-GP-1259,General practice,Amoxycillin 500 mg Capsules,1 strip
2026-08-22,PH-03,SMC-GP-1111,General practice,Taxim-O 200 Tablet,14 cap
2026-08-22,PH-03,SMC-GP-1333,General practice,Amoxycillin 500 mg + Potassium Clavulanate 125 mg Tablets,1 strip
2026-08-22,PH-04,SMC-PD-1925,Paediatrics,Levofloxacin 500 mg Tablets,14 cap
2026-08-22,PH-05,,Unregistered,Cephalexin 500 mg Capsules,10 tab
2026-08-22,PH-05,SMC-EN-1962,ENT,Nitrofurantoin 100 mg Capsules,10 tab
2026-08-22,PH-05,SMC-EN-2110,ENT,Levofloxacin 500 mg Tablets,14 cap
2026-08-22,PH-05,SMC-EN-2110,ENT,Doxycycline 100 mg Capsules,15 cap
2026-08-22,PH-05,SMC-EN-2110,ENT,Cephalexin 500 mg Capsules,1 strip
2026-08-22,PH-05,SMC-GP-1148,General practice,Ofloxacin 200mg & Ornidazole 500mg Tab,1 strip
2026-08-22,PH-05,SMC-GP-1518,General practice,Cephalexin 500 mg Capsules,6 tab
2026-08-22,PH-05,SMC-GP-1555,General practice,Levofloxacin 500 mg Tablets,5 cap
2026-08-22,PH-06,SMC-EN-2036,ENT,Clavam 625,5 cap
2026-08-22,PH-06,SMC-GP-1111,General practice,Moxileb 250 DT,1 strip
2026-08-22,PH-07,SMC-EN-2073,ENT,Wymox 500 Capsule,5 cap
2026-08-22,PH-07,SMC-EN-2110,ENT,Clarithromycin 500 mg Tablets,3 tab
2026-08-22,PH-07,SMC-EN-2110,ENT,Clavam 625,15 cap
2026-08-22,PH-07,SMC-GP-1148,General practice,Clarithromycin 500 mg Tablets,14 cap
2026-08-22,PH-07,SMC-GP-1185,General practice,Nitrofurantoin 100 mg Capsules,14 cap
2026-08-22,PH-07,SMC-GP-1259,General practice,Nitrofurantoin 100 mg Capsules,1 strip
2026-08-22,PH-07,SMC-GP-1259,General practice,Monocef-O 200,10 tab
2026-08-22,PH-07,SMC-GP-1259,General practice,Amoxycillin 500 mg + Potassium Clavulanate 125 mg Tablets,14 cap
2026-08-22,PH-07,SMC-PD-1814,Paediatrics,Amoxycillin 500 mg + Potassium Clavulanate 125 mg Tablets,5 cap
2026-08-22,PH-08,SMC-EN-1999,ENT,Amoxycillin 500 mg + Potassium Clavulanate 125 mg Tablets,5 cap
2026-08-22,PH-08,SMC-EN-2036,ENT,Levofloxacin 500 mg Tablets,3 tab
2026-08-22,PH-08,SMC-GP-1407,General practice,Taxim-O 200 Tablet,6 tab
2026-08-22,PH-08,SMC-GP-1407,General practice,Cefixime 200 mg Tablets IP,3 tab
2026-08-22,PH-08,SMC-GP-1592,General practice,Cefuroxime 500 mg Tablets,1 strip
2026-08-22,PH-08,SMC-PD-1703,Paediatrics,Wymox 500 Capsule,14 cap
2026-08-22,PH-08,SMC-PD-1740,Paediatrics,Nitrofurantoin 100 mg Capsules,1 strip
2026-08-22,PH-09,SMC-GP-1074,General practice,Cephalexin 500 mg Capsules,10 tab
2026-08-22,PH-09,SMC-GP-1074,General practice,Levofloxacin 500 mg Tablets,3 tab
2026-08-22,PH-09,SMC-GP-1148,General practice,Monocef-O 200,5 cap
2026-08-22,PH-09,SMC-GP-1370,General practice,Moxileb 250 DT,15 cap
2026-08-22,PH-09,SMC-PD-1851,Paediatrics,Cephalexin 500 mg Capsules,6 tab
2026-08-22,PH-09,SMC-PD-1851,Paediatrics,Cephalexin 500 mg Capsules,10 tab
2026-08-22,PH-10,SMC-EN-2110,ENT,Ofloxacin 200 mg Tablets,6 tab
2026-08-22,PH-10,SMC-GP-1074,General practice,Cefixime 200 mg Tablets IP,14 cap
2026-08-22,PH-10,SMC-GP-1407,General practice,Amoxycillin 500 mg Capsules,14 cap
2026-08-22,PH-10,SMC-GP-1481,General practice,Wymox 500 Capsule,3 tab
2026-08-22,PH-11,,Unregistered,Ofloxacin 200 mg Tablets,14 cap
2026-08-22,PH-11,SMC-GP-1333,General practice,Cefixime 200 mg Tablets IP,1 strip
2026-08-22,PH-12,SMC-GP-1185,General practice,Azithromycin 500 mg Tablets,1 strip
2026-08-22,PH-12,SMC-GP-1185,General practice,Moxileb 250 DT,14 cap
2026-08-22,PH-12,SMC-GP-1222,General practice,Nitrofurantoin 100 mg Capsules,15 cap
2026-08-22,PH-12,SMC-GP-1370,General practice,Taxim-O 200 Tablet,3 tab
2026-08-22,PH-12,SMC-GP-1370,General practice,Nitrofurantoin 100 mg Capsules,10 tab
2026-08-22,PH-12,SMC-GP-1518,General practice,Moxileb 250 DT,1 strip
2026-08-22,PH-12,SMC-GP-1666,General practice,Ofloxacin 200mg & Ornidazole 500mg Tab,5 cap
2026-08-22,PH-12,SMC-PD-1888,Paediatrics,Cefixime 200 mg Tablets IP,10 tab
2026-08-23,PH-01,SMC-GP-1629,General practice,Monocef-O 200,1 strip
2026-08-23,PH-01,SMC-GP-1629,General practice,Clarithromycin 500 mg Tablets,3 tab
2026-08-23,PH-01,SMC-PD-1703,Paediatrics,Monocef-O 200,3 tab
2026-08-23,PH-01,SMC-PD-1888,Paediatrics,Cefixime 200 mg Tablets IP,1 strip
2026-08-23,PH-02,SMC-GP-1259,General practice,Monocef-O 200,1 strip
2026-08-23,PH-02,SMC-GP-1259,General practice,Clavam 625,1 strip
2026-08-23,PH-02,SMC-PD-1777,Paediatrics,Nitrofurantoin 100 mg Capsules,15 cap
2026-08-23,PH-03,,Unregistered,Clarithromycin 500 mg Tablets,10 tab
2026-08-23,PH-03,SMC-GP-1111,General practice,Doxycycline 100 mg Capsules,3 tab
2026-08-23,PH-04,,Unregistered,Amoxycillin 500 mg Capsules,1 strip
2026-08-23,PH-04,SMC-EN-1999,ENT,Levofloxacin 500 mg Tablets,1 strip
2026-08-23,PH-04,SMC-EN-2073,ENT,Moxileb 250 DT,10 tab
2026-08-23,PH-04,SMC-GP-1074,General practice,Cephalexin 500 mg Capsules,3 tab
2026-08-23,PH-04,SMC-GP-1074,General practice,Ofloxacin 200mg & Ornidazole 500mg Tab,10 tab
2026-08-23,PH-04,SMC-GP-1444,General practice,Moxileb 250 DT,15 cap
2026-08-23,PH-04,SMC-GP-1444,General practice,Amoxycillin 500 mg Capsules,1 strip
2026-08-23,PH-04,SMC-GP-1444,General practice,Clarithromycin 500 mg Tablets,14 cap
2026-08-23,PH-04,SMC-PD-1703,Paediatrics,Cephalexin 500 mg Capsules,3 tab
2026-08-23,PH-05,,Unregistered,Cephalexin 500 mg Capsules,5 cap
2026-08-23,PH-05,SMC-EN-2110,ENT,Nitrofurantoin 100 mg Capsules,1 strip
2026-08-23,PH-05,SMC-GP-1407,General practice,Clavam 625,14 cap
2026-08-23,PH-05,SMC-GP-1407,General practice,Levofloxacin 500 mg Tablets,5 cap
2026-08-23,PH-05,SMC-GP-1518,General practice,Monocef-O 200,6 tab
2026-08-23,PH-05,SMC-GP-1555,General practice,Moxileb 250 DT,6 tab
2026-08-23,PH-05,SMC-GP-1629,General practice,Moxileb 250 DT,1 strip
2026-08-23,PH-05,SMC-GP-1666,General practice,Cefixime 200 mg Tablets IP,1 strip
2026-08-23,PH-05,SMC-PD-1777,Paediatrics,Doxycycline 100 mg Capsules,15 cap
2026-08-23,PH-05,SMC-PD-1777,Paediatrics,Azithromycin 500 mg Tablets,1 strip
2026-08-23,PH-05,SMC-PD-1851,Paediatrics,Zifi 200 Tablet,3 tab
2026-08-23,PH-06,,Unregistered,Azithromycin 500 mg Tablets,10 tab
2026-08-23,PH-06,SMC-GP-1370,General practice,Amoxycillin 500 mg Capsules,6 tab
2026-08-23,PH-06,SMC-GP-1370,General practice,Doxycycline 100 mg Capsules,3 tab
2026-08-23,PH-06,SMC-GP-1444,General practice,Doxycycline 100 mg Capsules,6 tab
2026-08-23,PH-07,SMC-GP-1037,General practice,Amoxycillin 500 mg + Potassium Clavulanate 125 mg Tablets,1 strip
2026-08-23,PH-07,SMC-GP-1185,General practice,Wymox 500 Capsule,6 tab
2026-08-23,PH-07,SMC-GP-1259,General practice,Moxileb 250 DT,10 tab
2026-08-23,PH-07,SMC-GP-1259,General practice,Wymox 500 Capsule,1 strip
2026-08-23,PH-07,SMC-GP-1481,General practice,Clavam 625,5 cap
2026-08-23,PH-07,SMC-PD-1814,Paediatrics,Cefixime 200 mg Tablets IP,10 tab
2026-08-23,PH-08,SMC-EN-1999,ENT,Wymox 500 Capsule,15 cap
2026-08-23,PH-08,SMC-EN-2036,ENT,Cephalexin 500 mg Capsules,6 tab
2026-08-23,PH-08,SMC-GP-1407,General practice,Moxileb 250 DT,6 tab
2026-08-23,PH-08,SMC-GP-1407,General practice,Amoxycillin 500 mg Capsules,5 cap
2026-08-23,PH-09,SMC-EN-1999,ENT,Cefuroxime 500 mg Tablets,10 tab
2026-08-23,PH-09,SMC-GP-1074,General practice,Wymox 500 Capsule,14 cap
2026-08-23,PH-09,SMC-GP-1148,General practice,Azithromycin 500 mg Tablets,1 strip
2026-08-23,PH-09,SMC-GP-1185,General practice,Levofloxacin 500 mg Tablets,1 strip
2026-08-23,PH-09,SMC-PD-1851,Paediatrics,Wymox 500 Capsule,3 tab
2026-08-23,PH-10,SMC-EN-2110,ENT,Cefixime 200 mg Tablets IP,3 tab
2026-08-23,PH-10,SMC-GP-1074,General practice,Taxim-O 200 Tablet,14 cap
2026-08-23,PH-10,SMC-GP-1481,General practice,Amoxycillin 500 mg + Potassium Clavulanate 125 mg Tablets,3 tab
2026-08-23,PH-10,SMC-PD-1777,Paediatrics,Cephalexin 500 mg Capsules,10 tab
2026-08-23,PH-11,SMC-GP-1333,General practice,Moxileb 250 DT,6 tab
2026-08-23,PH-11,SMC-PD-1814,Paediatrics,Clavam 625,15 cap
2026-08-23,PH-12,SMC-EN-2036,ENT,Doxycycline 100 mg Capsules,10 tab
2026-08-23,PH-12,SMC-GP-1370,General practice,Clavam 625,3 tab
2026-08-23,PH-12,SMC-GP-1518,General practice,Taxim-O 200 Tablet,6 tab
2026-08-23,PH-12,SMC-GP-1555,General practice,Nitrofurantoin 100 mg Capsules,3 tab
2026-08-23,PH-12,SMC-GP-1555,General practice,Amoxycillin 500 mg + Potassium Clavulanate 125 mg Tablets,1 strip
2026-08-23,PH-12,SMC-GP-1666,General practice,Amoxycillin 500 mg Capsules,14 cap
2026-08-23,PH-12,SMC-GP-1666,General practice,Cefixime 200 mg + Ofloxacin 200 mg Tablets,1 strip
2026-08-23,PH-12,SMC-PD-1888,Paediatrics,Ofloxacin 200mg & Ornidazole 500mg Tab,1 strip
2026-08-24,PH-01,SMC-PD-1703,Paediatrics,Moxileb 250 DT,14 cap
2026-08-24,PH-01,SMC-PD-1888,Paediatrics,Nitrofurantoin 100 mg Capsules,5 cap
2026-08-24,PH-02,,Unregistered,Amoxycillin 500 mg Capsules,5 cap
2026-08-24,PH-02,SMC-PD-1851,Paediatrics,Cephalexin 500 mg Capsules,5 cap
2026-08-24,PH-03,SMC-GP-1111,General practice,Levofloxacin 500 mg Tablets,5 cap
2026-08-24,PH-03,SMC-GP-1111,General practice,Monocef-O 200,6 tab
2026-08-24,PH-03,SMC-GP-1259,General practice,Clavam 625,6 tab
2026-08-24,PH-04,,Unregistered,Azithromycin 500 mg Tablets,14 cap
2026-08-24,PH-04,SMC-EN-1999,ENT,Clarithromycin 500 mg Tablets,3 tab
2026-08-24,PH-04,SMC-EN-1999,ENT,Doxycycline 100 mg Capsules,14 cap
2026-08-24,PH-04,SMC-GP-1074,General practice,Ofloxacin 200 mg Tablets,10 tab
2026-08-24,PH-04,SMC-GP-1074,General practice,Moxileb 250 DT,6 tab
2026-08-24,PH-04,SMC-GP-1222,General practice,Clavam 625,6 tab
2026-08-24,PH-04,SMC-GP-1666,General practice,Ofloxacin 200 mg Tablets,5 cap
2026-08-24,PH-04,SMC-PD-1925,Paediatrics,Wymox 500 Capsule,14 cap
2026-08-24,PH-05,,Unregistered,Ofloxacin 200mg & Ornidazole 500mg Tab,3 tab
2026-08-24,PH-05,SMC-EN-1962,ENT,Clavam 625,14 cap
2026-08-24,PH-05,SMC-EN-2110,ENT,Ofloxacin 200 mg Tablets,3 tab
2026-08-24,PH-05,SMC-EN-2110,ENT,Levofloxacin 500 mg Tablets,5 cap
2026-08-24,PH-05,SMC-GP-1111,General practice,Doxycycline 100 mg Capsules,5 cap
2026-08-24,PH-05,SMC-GP-1555,General practice,Azithromycin 500 mg Tablets,10 tab
2026-08-24,PH-05,SMC-GP-1555,General practice,Cefuroxime 500 mg Tablets,1 strip
2026-08-24,PH-05,SMC-PD-1777,Paediatrics,Cephalexin 500 mg Capsules,6 tab
2026-08-24,PH-05,SMC-PD-1777,Paediatrics,Amoxycillin 500 mg + Potassium Clavulanate 125 mg Tablets,1 strip
2026-08-24,PH-06,SMC-EN-2036,ENT,Wymox 500 Capsule,1 strip
2026-08-24,PH-06,SMC-GP-1296,General practice,Ofloxacin 200 mg Tablets,15 cap
2026-08-24,PH-06,SMC-GP-1370,General practice,Doxycycline 100 mg Capsules,1 strip
2026-08-24,PH-06,SMC-GP-1444,General practice,Cefixime 200 mg Tablets IP,15 cap
2026-08-24,PH-07,SMC-GP-1481,General practice,Monocef-O 200,10 tab
2026-08-24,PH-08,SMC-EN-2036,ENT,Ciprofloxacin 500 mg Tablets,3 tab
2026-08-24,PH-08,SMC-EN-2073,ENT,Amoxycillin 500 mg + Potassium Clavulanate 125 mg Tablets,15 cap
2026-08-24,PH-08,SMC-GP-1407,General practice,Ciprofloxacin 500 mg Tablets,15 cap
2026-08-24,PH-08,SMC-GP-1407,General practice,Ciprofloxacin 500 mg Tablets,3 tab
2026-08-24,PH-08,SMC-GP-1407,General practice,Ofloxacin 200 mg Tablets,14 cap
2026-08-24,PH-08,SMC-GP-1629,General practice,Moxileb 250 DT,15 cap
2026-08-24,PH-08,SMC-PD-1703,Paediatrics,Nitrofurantoin 100 mg Capsules,5 cap
2026-08-24,PH-09,SMC-EN-1999,ENT,Cefixime 200 mg Tablets IP,6 tab
2026-08-24,PH-09,SMC-GP-1148,General practice,Ofloxacin 200 mg Tablets,15 cap
2026-08-24,PH-09,SMC-GP-1370,General practice,Wymox 500 Capsule,15 cap
2026-08-24,PH-09,SMC-PD-1851,Paediatrics,Cephalexin 500 mg Capsules,15 cap
2026-08-24,PH-09,SMC-PD-1925,Paediatrics,Taxim-O 200 Tablet,6 tab
2026-08-24,PH-10,SMC-GP-1074,General practice,Ofloxacin 200mg & Ornidazole 500mg Tab,1 strip
2026-08-24,PH-10,SMC-GP-1481,General practice,Cephalexin 500 mg Capsules,15 cap
2026-08-24,PH-10,SMC-PD-1777,Paediatrics,Cephalexin 500 mg Capsules,14 cap
2026-08-24,PH-10,SMC-PD-1814,Paediatrics,Clavam 625,15 cap
2026-08-24,PH-11,SMC-GP-1037,General practice,Clavam 625,3 tab
2026-08-24,PH-11,SMC-GP-1222,General practice,Wymox 500 Capsule,14 cap
2026-08-24,PH-11,SMC-GP-1555,General practice,Cephalexin 500 mg Capsules,14 cap
2026-08-24,PH-12,,Unregistered,Moxileb 250 DT,10 tab
2026-08-24,PH-12,,Unregistered,Taxim-O 200 Tablet,10 tab
2026-08-24,PH-12,SMC-EN-2036,ENT,Doxycycline 100 mg Capsules,14 cap
2026-08-24,PH-12,SMC-GP-1185,General practice,Levofloxacin 500 mg Tablets,1 strip
2026-08-24,PH-12,SMC-GP-1444,General practice,Zifi 200 Tablet,15 cap
2026-08-24,PH-12,SMC-GP-1518,General practice,Ofloxacin 200 mg Tablets,5 cap
2026-08-24,PH-12,SMC-GP-1518,General practice,Amoxycillin 500 mg + Potassium Clavulanate 125 mg Tablets,5 cap
2026-08-24,PH-12,SMC-GP-1555,General practice,Taxim-O 200 Tablet,10 tab
2026-08-24,PH-12,SMC-GP-1555,General practice,Clarithromycin 500 mg Tablets,6 tab
2026-08-25,PH-01,SMC-EN-1962,ENT,Amoxycillin 500 mg Capsules,5 cap
2026-08-25,PH-01,SMC-EN-1962,ENT,Cefuroxime 500 mg Tablets,6 tab
2026-08-25,PH-01,SMC-GP-1518,General practice,Clavam 625,5 cap
2026-08-25,PH-01,SMC-GP-1518,General practice,Amoxycillin 500 mg Capsules,15 cap
2026-08-25,PH-01,SMC-PD-1703,Paediatrics,Wymox 500 Capsule,6 tab
2026-08-25,PH-02,SMC-GP-1259,General practice,Faropenem 200 mg Tablets,5 cap
2026-08-25,PH-03,SMC-GP-1111,General practice,Nitrofurantoin 100 mg Capsules,15 cap
2026-08-25,PH-03,SMC-GP-1259,General practice,Clavam 625,15 cap
2026-08-25,PH-03,SMC-GP-1259,General practice,Amoxycillin 500 mg + Potassium Clavulanate 125 mg Tablets,5 cap
2026-08-25,PH-03,SMC-PD-1740,Paediatrics,Nitrofurantoin 100 mg Capsules,3 tab
2026-08-25,PH-03,SMC-PD-1740,Paediatrics,Taxim-O 200 Tablet,15 cap
2026-08-25,PH-04,,Unregistered,Levofloxacin 500 mg Tablets,14 cap
2026-08-25,PH-04,,Unregistered,Monocef-O 200,6 tab
2026-08-25,PH-04,SMC-EN-2073,ENT,Nitrofurantoin 100 mg Capsules,10 tab
2026-08-25,PH-04,SMC-GP-1074,General practice,Moxileb 250 DT,1 strip
2026-08-25,PH-04,SMC-GP-1074,General practice,Amoxycillin 500 mg + Potassium Clavulanate 125 mg Tablets,6 tab
2026-08-25,PH-04,SMC-GP-1074,General practice,Amoxycillin 500 mg Capsules,3 tab
2026-08-25,PH-04,SMC-GP-1222,General practice,Moxileb 250 DT,15 cap
2026-08-25,PH-04,SMC-GP-1222,General practice,Moxileb 250 DT,3 tab
2026-08-25,PH-04,SMC-PD-1703,Paediatrics,Ciprofloxacin 500 mg Tablets,3 tab
2026-08-25,PH-04,SMC-PD-1925,Paediatrics,Monocef-O 200,5 cap
2026-08-25,PH-05,SMC-GP-1407,General practice,Clarithromycin 500 mg Tablets,1 strip
2026-08-25,PH-05,SMC-GP-1629,General practice,Ciprofloxacin 500 mg Tablets,15 cap
2026-08-25,PH-05,SMC-GP-1629,General practice,Taxim-O 200 Tablet,15 cap
2026-08-25,PH-05,SMC-PD-1740,Paediatrics,Amoxycillin 500 mg Capsules,3 tab
2026-08-25,PH-05,SMC-PD-1777,Paediatrics,Azithromycin 500 mg Tablets,14 cap
2026-08-25,PH-05,SMC-PD-1777,Paediatrics,Clavam 625,10 tab
2026-08-25,PH-06,,Unregistered,Cefixime 200 mg Tablets IP,6 tab
2026-08-25,PH-06,SMC-GP-1111,General practice,Nitrofurantoin 100 mg Capsules,14 cap
2026-08-25,PH-06,SMC-GP-1111,General practice,Doxycycline 100 mg Capsules,10 tab
2026-08-25,PH-06,SMC-GP-1296,General practice,Monocef-O 200,6 tab
2026-08-25,PH-06,SMC-GP-1296,General practice,Doxycycline 100 mg Capsules,15 cap
2026-08-25,PH-06,SMC-GP-1370,General practice,Amoxycillin 500 mg Capsules,10 tab
2026-08-25,PH-06,SMC-GP-1370,General practice,Wymox 500 Capsule,3 tab
2026-08-25,PH-06,SMC-GP-1370,General practice,Amoxycillin 500 mg Capsules,15 cap
2026-08-25,PH-07,SMC-EN-2073,ENT,Nitrofurantoin 100 mg Capsules,15 cap
2026-08-25,PH-07,SMC-EN-2073,ENT,Cephalexin 500 mg Capsules,3 tab
2026-08-25,PH-07,SMC-EN-2110,ENT,Moxileb 250 DT,5 cap
2026-08-25,PH-07,SMC-GP-1148,General practice,Moxileb 250 DT,6 tab
2026-08-25,PH-07,SMC-GP-1148,General practice,Moxileb 250 DT,5 cap
2026-08-25,PH-07,SMC-GP-1185,General practice,Ofloxacin 200 mg Tablets,3 tab
2026-08-25,PH-07,SMC-PD-1925,Paediatrics,Ciprofloxacin 500 mg Tablets,10 tab
2026-08-25,PH-08,,Unregistered,Cefuroxime 500 mg Tablets,3 tab
2026-08-25,PH-08,SMC-EN-1999,ENT,Taxim-O 200 Tablet,3 tab
2026-08-25,PH-08,SMC-EN-1999,ENT,Moxileb 250 DT,14 cap
2026-08-25,PH-08,SMC-EN-2073,ENT,Cephalexin 500 mg Capsules,6 tab
2026-08-25,PH-08,SMC-GP-1296,General practice,Cefixime 200 mg Tablets IP,14 cap
2026-08-25,PH-08,SMC-GP-1333,General practice,Clavam 625,15 cap
2026-08-25,PH-08,SMC-GP-1629,General practice,Amoxycillin 500 mg Capsules,14 cap
2026-08-25,PH-08,SMC-PD-1703,Paediatrics,Amoxycillin 500 mg + Potassium Clavulanate 125 mg Tablets,6 tab
2026-08-25,PH-08,SMC-PD-1740,Paediatrics,Moxileb 250 DT,5 cap
2026-08-25,PH-09,SMC-GP-1074,General practice,Ofloxacin 200 mg Tablets,5 cap
2026-08-25,PH-09,SMC-GP-1074,General practice,Cefixime 200 mg + Ofloxacin 200 mg Tablets,5 cap
2026-08-25,PH-09,SMC-GP-1148,General practice,Cephalexin 500 mg Capsules,1 strip
2026-08-25,PH-09,SMC-GP-1185,General practice,Levofloxacin 500 mg Tablets,10 tab
2026-08-25,PH-09,SMC-GP-1185,General practice,Monocef-O 200,14 cap
2026-08-25,PH-09,SMC-GP-1481,General practice,Wymox 500 Capsule,10 tab
2026-08-25,PH-10,SMC-EN-2110,ENT,Clavam 625,10 tab
2026-08-25,PH-10,SMC-PD-1814,Paediatrics,Clavam 625,10 tab
2026-08-25,PH-11,SMC-PD-1814,Paediatrics,Doxycycline 100 mg Capsules,15 cap
2026-08-25,PH-12,SMC-GP-1185,General practice,Ciprofloxacin 500 mg Tablets,1 strip
2026-08-25,PH-12,SMC-GP-1222,General practice,Amoxycillin 500 mg Capsules,14 cap
2026-08-25,PH-12,SMC-GP-1370,General practice,Cephalexin 500 mg Capsules,3 tab
2026-08-25,PH-12,SMC-GP-1518,General practice,Clavam 625,15 cap
2026-08-25,PH-12,SMC-GP-1518,General practice,Monocef-O 200,1 strip
2026-08-25,PH-12,SMC-GP-1555,General practice,Amoxycillin 500 mg + Potassium Clavulanate 125 mg Tablets,5 cap
2026-08-25,PH-12,SMC-GP-1666,General practice,Moxileb 250 DT,6 tab
2026-08-26,PH-02,,Unregistered,Clarithromycin 500 mg Tablets,15 cap
2026-08-26,PH-02,SMC-GP-1259,General practice,Monocef-O 200,15 cap
2026-08-26,PH-02,SMC-GP-1259,General practice,Monocef-O 200,15 cap
2026-08-26,PH-02,SMC-GP-1259,General practice,Amoxycillin 500 mg Capsules,10 tab
2026-08-26,PH-02,SMC-GP-1259,General practice,Wymox 500 Capsule,3 tab
2026-08-26,PH-02,SMC-PD-1777,Paediatrics,Levofloxacin 500 mg Tablets,15 cap
2026-08-26,PH-02,SMC-PD-1851,Paediatrics,Moxileb 250 DT,6 tab
2026-08-26,PH-02,SMC-PD-1851,Paediatrics,Ofloxacin 200mg & Ornidazole 500mg Tab,1 strip
2026-08-26,PH-02,SMC-PD-1851,Paediatrics,Nitrofurantoin 100 mg Capsules,1 strip
2026-08-26,PH-03,,Unregistered,Azithromycin 500 mg Tablets,3 tab
2026-08-26,PH-03,SMC-PD-1740,Paediatrics,Doxycycline 100 mg Capsules,5 cap
2026-08-26,PH-03,SMC-PD-1740,Paediatrics,Azithromycin 500 mg Tablets,3 tab
2026-08-26,PH-04,SMC-EN-1999,ENT,Monocef-O 200,3 tab
2026-08-26,PH-04,SMC-EN-1999,ENT,Levofloxacin 500 mg Tablets,15 cap
2026-08-26,PH-04,SMC-EN-2073,ENT,Clavam 625,14 cap
2026-08-26,PH-04,SMC-GP-1222,General practice,Amoxycillin 500 mg + Potassium Clavulanate 125 mg Tablets,5 cap
2026-08-26,PH-04,SMC-GP-1666,General practice,Cefuroxime 500 mg Tablets,5 cap
2026-08-26,PH-04,SMC-PD-1703,Paediatrics,Clavam 625,15 cap
2026-08-26,PH-04,SMC-PD-1888,Paediatrics,Ofloxacin 200mg & Ornidazole 500mg Tab,6 tab
2026-08-26,PH-05,,Unregistered,Azithromycin 500 mg Tablets,10 tab
2026-08-26,PH-05,SMC-EN-1962,ENT,Clavam 625,10 tab
2026-08-26,PH-05,SMC-EN-2110,ENT,Ofloxacin 200 mg Tablets,15 cap
2026-08-26,PH-05,SMC-GP-1148,General practice,Nitrofurantoin 100 mg Capsules,14 cap
2026-08-26,PH-05,SMC-GP-1407,General practice,Azithromycin 500 mg Tablets,3 tab
2026-08-26,PH-05,SMC-GP-1518,General practice,Amoxycillin 500 mg + Potassium Clavulanate 125 mg Tablets,6 tab
2026-08-26,PH-05,SMC-GP-1555,General practice,Cefuroxime 500 mg Tablets,1 strip
2026-08-26,PH-05,SMC-PD-1740,Paediatrics,Cefixime 200 mg Tablets IP,10 tab
2026-08-26,PH-05,SMC-PD-1740,Paediatrics,Azithromycin 500 mg Tablets,15 cap
2026-08-26,PH-06,SMC-EN-2036,ENT,Moxileb 250 DT,5 cap
2026-08-26,PH-06,SMC-GP-1444,General practice,Amoxycillin 500 mg + Potassium Clavulanate 125 mg Tablets,1 strip
2026-08-26,PH-06,SMC-GP-1444,General practice,Clavam 625,10 tab
2026-08-26,PH-07,,Unregistered,Cefixime 200 mg Tablets IP,1 strip
2026-08-26,PH-07,SMC-EN-2073,ENT,Zifi 200 Tablet,6 tab
2026-08-26,PH-07,SMC-GP-1037,General practice,Clavam 625,14 cap
2026-08-26,PH-07,SMC-GP-1148,General practice,Ofloxacin 200mg & Ornidazole 500mg Tab,3 tab
2026-08-26,PH-07,SMC-GP-1185,General practice,Moxileb 250 DT,6 tab
2026-08-26,PH-07,SMC-GP-1185,General practice,Levofloxacin 500 mg Tablets,10 tab
2026-08-26,PH-07,SMC-PD-1814,Paediatrics,Ofloxacin 200 mg Tablets,5 cap
2026-08-26,PH-08,SMC-EN-2036,ENT,Doxycycline 100 mg Capsules,10 tab
2026-08-26,PH-08,SMC-EN-2036,ENT,Moxileb 250 DT,5 cap
2026-08-26,PH-08,SMC-EN-2073,ENT,Cefuroxime 500 mg Tablets,5 cap
2026-08-26,PH-08,SMC-GP-1333,General practice,Ciprofloxacin 500 mg Tablets,15 cap
2026-08-26,PH-08,SMC-PD-1703,Paediatrics,Amoxycillin 500 mg Capsules,10 tab
2026-08-26,PH-09,SMC-EN-1999,ENT,Clarithromycin 500 mg Tablets,6 tab
2026-08-26,PH-09,SMC-GP-1037,General practice,Wymox 500 Capsule,6 tab
2026-08-26,PH-09,SMC-GP-1074,General practice,Cefuroxime 500 mg Tablets,3 tab
2026-08-26,PH-09,SMC-GP-1185,General practice,Doxycycline 100 mg Capsules,15 cap
2026-08-26,PH-09,SMC-GP-1185,General practice,Wymox 500 Capsule,15 cap
2026-08-26,PH-09,SMC-GP-1185,General practice,Amoxycillin 500 mg Capsules,6 tab
2026-08-26,PH-09,SMC-GP-1370,General practice,Amoxycillin 500 mg + Potassium Clavulanate 125 mg Tablets,10 tab
2026-08-26,PH-09,SMC-GP-1370,General practice,Amoxycillin 500 mg Capsules,3 tab
2026-08-26,PH-10,,Unregistered,Clarithromycin 500 mg Tablets,3 tab
2026-08-26,PH-10,,Unregistered,Clarithromycin 500 mg Tablets,5 cap
2026-08-26,PH-10,SMC-EN-2110,ENT,Clavam 625,14 cap
2026-08-26,PH-10,SMC-GP-1074,General practice,Ofloxacin 200 mg Tablets,6 tab
2026-08-26,PH-10,SMC-GP-1407,General practice,Cefixime 200 mg Tablets IP,6 tab
2026-08-26,PH-10,SMC-GP-1481,General practice,Doxycycline 100 mg Capsules,14 cap
2026-08-26,PH-10,SMC-PD-1777,Paediatrics,Wymox 500 Capsule,6 tab
2026-08-26,PH-10,SMC-PD-1814,Paediatrics,Azithromycin 500 mg Tablets,3 tab
2026-08-26,PH-11,SMC-GP-1222,General practice,Amoxycillin 500 mg + Potassium Clavulanate 125 mg Tablets,3 tab
2026-08-26,PH-11,SMC-GP-1333,General practice,Wymox 500 Capsule,10 tab
2026-08-26,PH-11,SMC-GP-1555,General practice,Cephalexin 500 mg Capsules,3 tab
2026-08-26,PH-11,SMC-GP-1555,General practice,Taxim-O 200 Tablet,5 cap
2026-08-26,PH-11,SMC-GP-1555,General practice,Doxycycline 100 mg Capsules,1 strip
2026-08-26,PH-11,SMC-PD-1814,Paediatrics,Cephalexin 500 mg Capsules,1 strip
2026-08-26,PH-12,,Unregistered,Clarithromycin 500 mg Tablets,5 cap
2026-08-26,PH-12,,Unregistered,Cefuroxime 500 mg Tablets,10 tab
2026-08-26,PH-12,SMC-EN-2036,ENT,Doxycycline 100 mg Capsules,14 cap
2026-08-26,PH-12,SMC-GP-1222,General practice,Amoxycillin 500 mg + Potassium Clavulanate 125 mg Tablets,6 tab
2026-08-26,PH-12,SMC-GP-1222,General practice,Nitrofurantoin 100 mg Capsules,6 tab
2026-08-26,PH-12,SMC-GP-1370,General practice,Wymox 500 Capsule,5 cap
2026-08-26,PH-12,SMC-GP-1555,General practice,Clavam 625,15 cap
2026-08-26,PH-12,SMC-GP-1555,General practice,Wymox 500 Capsule,15 cap
2026-08-26,PH-12,SMC-GP-1555,General practice,Cefixime 200 mg Tablets IP,3 tab
2026-08-26,PH-12,SMC-GP-1666,General practice,Amoxycillin 500 mg Capsules,6 tab
2026-08-27,PH-01,SMC-EN-1962,ENT,Nitrofurantoin 100 mg Capsules,14 cap
2026-08-27,PH-01,SMC-PD-1703,Paediatrics,Amoxycillin 500 mg Capsules,14 cap
2026-08-27,PH-02,SMC-GP-1259,General practice,Levofloxacin 500 mg Tablets,14 cap
2026-08-27,PH-03,SMC-GP-1259,General practice,Nitrofurantoin 100 mg Capsules,15 cap
2026-08-27,PH-03,SMC-GP-1259,General practice,Monocef-O 200,14 cap
2026-08-27,PH-03,SMC-GP-1333,General practice,Doxycycline 100 mg Capsules,10 tab
2026-08-27,PH-03,SMC-GP-1333,General practice,Taxim-O 200 Tablet,5 cap
2026-08-27,PH-04,SMC-PD-1703,Paediatrics,Doxycycline 100 mg Capsules,15 cap
2026-08-27,PH-05,SMC-EN-2110,ENT,Amoxycillin 500 mg Capsules,14 cap
2026-08-27,PH-05,SMC-EN-2110,ENT,Nitrofurantoin 100 mg Capsules,1 strip
2026-08-27,PH-05,SMC-GP-1111,General practice,Amoxycillin 500 mg Capsules,3 tab
2026-08-27,PH-05,SMC-PD-1777,Paediatrics,Wymox 500 Capsule,6 tab
2026-08-27,PH-05,SMC-PD-1777,Paediatrics,Ofloxacin 200 mg Tablets,10 tab
2026-08-27,PH-05,SMC-PD-1851,Paediatrics,Cefixime 200 mg + Ofloxacin 200 mg Tablets,6 tab
2026-08-27,PH-06,SMC-EN-1962,ENT,Cephalexin 500 mg Capsules,1 strip
2026-08-27,PH-06,SMC-EN-2036,ENT,Nitrofurantoin 100 mg Capsules,6 tab
2026-08-27,PH-06,SMC-GP-1111,General practice,Clarithromycin 500 mg Tablets,14 cap
2026-08-27,PH-06,SMC-GP-1370,General practice,Clavam 625,1 strip
2026-08-27,PH-06,SMC-GP-1444,General practice,Amoxycillin 500 mg + Potassium Clavulanate 125 mg Tablets,14 cap
2026-08-27,PH-06,SMC-GP-1444,General practice,Azithromycin 500 mg Tablets,10 tab
2026-08-27,PH-07,SMC-EN-2110,ENT,Clavam 625,15 cap
2026-08-27,PH-07,SMC-GP-1481,General practice,Amoxycillin 500 mg Capsules,3 tab
2026-08-27,PH-07,SMC-GP-1481,General practice,Doxycycline 100 mg Capsules,15 cap
2026-08-27,PH-07,SMC-PD-1814,Paediatrics,Clavam 625,14 cap
2026-08-27,PH-08,SMC-EN-1999,ENT,Moxileb 250 DT,6 tab
2026-08-27,PH-08,SMC-GP-1407,General practice,Monocef-O 200,1 strip
2026-08-27,PH-09,SMC-EN-1999,ENT,Cephalexin 500 mg Capsules,6 tab
2026-08-27,PH-09,SMC-GP-1148,General practice,Cefixime 200 mg + Ofloxacin 200 mg Tablets,14 cap
2026-08-27,PH-09,SMC-GP-1148,General practice,Moxileb 250 DT,5 cap
2026-08-27,PH-09,SMC-GP-1185,General practice,Clarithromycin 500 mg Tablets,1 strip
2026-08-27,PH-09,SMC-GP-1370,General practice,Moxileb 250 DT,15 cap
2026-08-27,PH-09,SMC-GP-1481,General practice,Wymox 500 Capsule,14 cap
2026-08-27,PH-09,SMC-PD-1851,Paediatrics,Amoxycillin 500 mg + Potassium Clavulanate 125 mg Tablets,15 cap
2026-08-27,PH-10,SMC-EN-2110,ENT,Doxycycline 100 mg Capsules,1 strip
2026-08-27,PH-10,SMC-GP-1074,General practice,Clarithromycin 500 mg Tablets,15 cap
2026-08-27,PH-10,SMC-PD-1814,Paediatrics,Amoxycillin 500 mg + Potassium Clavulanate 125 mg Tablets,15 cap
2026-08-27,PH-11,SMC-GP-1333,General practice,Ofloxacin 200 mg Tablets,10 tab
2026-08-27,PH-11,SMC-GP-1555,General practice,Cefuroxime 500 mg Tablets,6 tab
2026-08-27,PH-11,SMC-PD-1814,Paediatrics,Doxycycline 100 mg Capsules,14 cap
2026-08-27,PH-12,,Unregistered,Ofloxacin 200 mg Tablets,3 tab
2026-08-27,PH-12,SMC-EN-2036,ENT,Amoxycillin 500 mg + Potassium Clavulanate 125 mg Tablets,14 cap
2026-08-27,PH-12,SMC-EN-2036,ENT,Amoxycillin 500 mg + Potassium Clavulanate 125 mg Tablets,10 tab
2026-08-27,PH-12,SMC-GP-1370,General practice,Amoxycillin 500 mg + Potassium Clavulanate 125 mg Tablets,1 strip
2026-08-27,PH-12,SMC-GP-1444,General practice,Taxim-O 200 Tablet,1 strip
2026-08-27,PH-12,SMC-GP-1555,General practice,Nitrofurantoin 100 mg Capsules,1 strip
2026-08-27,PH-12,SMC-GP-1555,General practice,Monocef-O 200,1 strip
2026-08-27,PH-12,SMC-GP-1555,General practice,Clavam 625,15 cap
2026-08-27,PH-12,SMC-GP-1666,General practice,Cefuroxime 500 mg Tablets,3 tab
2026-08-27,PH-12,SMC-GP-1666,General practice,Amoxycillin 500 mg + Potassium Clavulanate 125 mg Tablets,6 tab
2026-08-27,PH-12,SMC-GP-1666,General practice,Cefixime 200 mg Tablets IP,15 cap
2026-08-28,PH-01,,Unregistered,Cefixime 200 mg + Ofloxacin 200 mg Tablets,3 tab
2026-08-28,PH-01,SMC-GP-1518,General practice,Moxileb 250 DT,5 cap
2026-08-28,PH-02,SMC-GP-1259,General practice,Wymox 500 Capsule,14 cap
2026-08-28,PH-02,SMC-GP-1259,General practice,Faropenem 200 mg Tablets,6 tab
2026-08-28,PH-02,SMC-PD-1777,Paediatrics,Clavam 625,1 strip
2026-08-28,PH-02,SMC-PD-1777,Paediatrics,Azithromycin 500 mg Tablets,14 cap
2026-08-28,PH-02,SMC-PD-1777,Paediatrics,Ofloxacin 200 mg Tablets,14 cap
2026-08-28,PH-02,SMC-PD-1777,Paediatrics,Nitrofurantoin 100 mg Capsules,5 cap
2026-08-28,PH-02,SMC-PD-1851,Paediatrics,Ofloxacin 200 mg Tablets,14 cap
2026-08-28,PH-03,SMC-GP-1592,General practice,Azithromycin 500 mg Tablets,10 tab
2026-08-28,PH-04,,Unregistered,Levofloxacin 500 mg Tablets,5 cap
2026-08-28,PH-04,,Unregistered,Clarithromycin 500 mg Tablets,15 cap
2026-08-28,PH-04,SMC-EN-1999,ENT,Doxycycline 100 mg Capsules,5 cap
2026-08-28,PH-04,SMC-EN-1999,ENT,Cephalexin 500 mg Capsules,5 cap
2026-08-28,PH-04,SMC-EN-1999,ENT,Amoxycillin 500 mg Capsules,15 cap
2026-08-28,PH-04,SMC-EN-1999,ENT,Amoxycillin 500 mg + Potassium Clavulanate 125 mg Tablets,1 strip
2026-08-28,PH-04,SMC-GP-1074,General practice,Azithromycin 500 mg Tablets,14 cap
2026-08-28,PH-04,SMC-GP-1074,General practice,Clarithromycin 500 mg Tablets,14 cap
2026-08-28,PH-04,SMC-GP-1222,General practice,Wymox 500 Capsule,15 cap
2026-08-28,PH-04,SMC-GP-1222,General practice,Amoxycillin 500 mg + Potassium Clavulanate 125 mg Tablets,15 cap
2026-08-28,PH-04,SMC-GP-1222,General practice,Nitrofurantoin 100 mg Capsules,6 tab
2026-08-28,PH-04,SMC-GP-1222,General practice,Amoxycillin 500 mg + Potassium Clavulanate 125 mg Tablets,15 cap
2026-08-28,PH-04,SMC-GP-1444,General practice,Clavam 625,6 tab
2026-08-28,PH-04,SMC-GP-1666,General practice,Cefixime 200 mg + Ofloxacin 200 mg Tablets,1 strip
2026-08-28,PH-04,SMC-GP-1666,General practice,Doxycycline 100 mg Capsules,3 tab
2026-08-28,PH-05,,Unregistered,Monocef-O 200,1 strip
2026-08-28,PH-05,SMC-GP-1555,General practice,Azithromycin 500 mg Tablets,1 strip
2026-08-28,PH-05,SMC-GP-1592,General practice,Wymox 500 Capsule,10 tab
2026-08-28,PH-05,SMC-PD-1851,Paediatrics,Doxycycline 100 mg Capsules,6 tab
2026-08-28,PH-06,SMC-EN-1962,ENT,Amoxycillin 500 mg + Potassium Clavulanate 125 mg Tablets,14 cap
2026-08-28,PH-06,SMC-EN-2036,ENT,Monocef-O 200,10 tab
2026-08-28,PH-07,SMC-GP-1148,General practice,Ofloxacin 200mg & Ornidazole 500mg Tab,1 strip
2026-08-28,PH-07,SMC-GP-1185,General practice,Monocef-O 200,6 tab
2026-08-28,PH-08,,Unregistered,Ofloxacin 200 mg Tablets,14 cap
2026-08-28,PH-08,SMC-EN-2036,ENT,Nitrofurantoin 100 mg Capsules,3 tab
2026-08-28,PH-08,SMC-EN-2073,ENT,Wymox 500 Capsule,3 tab
2026-08-28,PH-08,SMC-EN-2073,ENT,Moxileb 250 DT,15 cap
2026-08-28,PH-08,SMC-GP-1407,General practice,Amoxycillin 500 mg Capsules,6 tab
2026-08-28,PH-08,SMC-PD-1703,Paediatrics,Clavam 625,5 cap
2026-08-28,PH-09,SMC-EN-1999,ENT,Cephalexin 500 mg Capsules,6 tab
2026-08-28,PH-09,SMC-GP-1037,General practice,Clavam 625,6 tab
2026-08-28,PH-09,SMC-GP-1037,General practice,Amoxycillin 500 mg Capsules,5 cap
2026-08-28,PH-09,SMC-GP-1074,General practice,Moxileb 250 DT,3 tab
2026-08-28,PH-09,SMC-GP-1185,General practice,Ofloxacin 200 mg Tablets,1 strip
2026-08-28,PH-09,SMC-GP-1296,General practice,Monocef-O 200,14 cap
2026-08-28,PH-09,SMC-GP-1296,General practice,Clavam 625,1 strip
2026-08-28,PH-09,SMC-GP-1481,General practice,Clavam 625,15 cap
2026-08-28,PH-10,SMC-GP-1074,General practice,Cefuroxime 500 mg Tablets,10 tab
2026-08-28,PH-10,SMC-GP-1407,General practice,Wymox 500 Capsule,1 strip
2026-08-28,PH-10,SMC-GP-1481,General practice,Nitrofurantoin 100 mg Capsules,15 cap
2026-08-28,PH-10,SMC-PD-1777,Paediatrics,Amoxycillin 500 mg + Potassium Clavulanate 125 mg Tablets,5 cap
2026-08-28,PH-11,SMC-PD-1814,Paediatrics,Amoxycillin 500 mg Capsules,3 tab
2026-08-28,PH-12,SMC-EN-2036,ENT,Clavam 625,6 tab
2026-08-28,PH-12,SMC-GP-1185,General practice,Doxycycline 100 mg Capsules,6 tab
2026-08-28,PH-12,SMC-GP-1370,General practice,Amoxycillin 500 mg + Potassium Clavulanate 125 mg Tablets,14 cap
2026-08-28,PH-12,SMC-GP-1370,General practice,Doxycycline 100 mg Capsules,15 cap
2026-08-28,PH-12,SMC-GP-1370,General practice,Levofloxacin 500 mg Tablets,14 cap
2026-08-28,PH-12,SMC-GP-1518,General practice,Ciprofloxacin 500 mg Tablets,5 cap
2026-08-28,PH-12,SMC-GP-1555,General practice,Taxim-O 200 Tablet,14 cap
2026-08-28,PH-12,SMC-GP-1555,General practice,Ciprofloxacin 500 mg Tablets,15 cap
2026-08-28,PH-12,SMC-GP-1666,General practice,Doxycycline 100 mg Capsules,6 tab
2026-08-29,PH-01,,Unregistered,Azithromycin 500 mg Tablets,3 tab
2026-08-29,PH-01,SMC-GP-1518,General practice,Wymox 500 Capsule,5 cap
2026-08-29,PH-01,SMC-GP-1518,General practice,Amoxycillin 500 mg + Potassium Clavulanate 125 mg Tablets,3 tab
2026-08-29,PH-01,SMC-GP-1629,General practice,Cephalexin 500 mg Capsules,3 tab
2026-08-29,PH-01,SMC-PD-1703,Paediatrics,Wymox 500 Capsule,5 cap
2026-08-29,PH-01,SMC-PD-1888,Paediatrics,Monocef-O 200,3 tab
2026-08-29,PH-02,SMC-GP-1259,General practice,Amoxycillin 500 mg Capsules,3 tab
2026-08-29,PH-02,SMC-PD-1777,Paediatrics,Amoxycillin 500 mg + Potassium Clavulanate 125 mg Tablets,6 tab
2026-08-29,PH-02,SMC-PD-1777,Paediatrics,Doxycycline 100 mg Capsules,3 tab
2026-08-29,PH-03,,Unregistered,Wymox 500 Capsule,15 cap
2026-08-29,PH-03,SMC-GP-1259,General practice,Amoxycillin 500 mg + Potassium Clavulanate 125 mg Tablets,5 cap
2026-08-29,PH-03,SMC-GP-1333,General practice,Cefuroxime 500 mg Tablets,14 cap
2026-08-29,PH-04,,Unregistered,Ofloxacin 200mg & Ornidazole 500mg Tab,6 tab
2026-08-29,PH-04,SMC-EN-1999,ENT,Amoxycillin 500 mg Capsules,5 cap
2026-08-29,PH-04,SMC-EN-1999,ENT,Moxileb 250 DT,10 tab
2026-08-29,PH-04,SMC-EN-1999,ENT,Amoxycillin 500 mg Capsules,10 tab
2026-08-29,PH-04,SMC-EN-1999,ENT,Wymox 500 Capsule,6 tab
2026-08-29,PH-04,SMC-EN-2073,ENT,Cephalexin 500 mg Capsules,6 tab
2026-08-29,PH-04,SMC-EN-2073,ENT,Nitrofurantoin 100 mg Capsules,6 tab
2026-08-29,PH-04,SMC-GP-1074,General practice,Azithromycin 500 mg Tablets,6 tab
2026-08-29,PH-04,SMC-GP-1444,General practice,Wymox 500 Capsule,5 cap
2026-08-29,PH-04,SMC-GP-1666,General practice,Amoxycillin 500 mg Capsules,5 cap
2026-08-29,PH-04,SMC-PD-1703,Paediatrics,Taxim-O 200 Tablet,6 tab
2026-08-29,PH-04,SMC-PD-1925,Paediatrics,Ofloxacin 200 mg Tablets,10 tab
2026-08-29,PH-05,SMC-GP-1148,General practice,Clavam 625,10 tab
2026-08-29,PH-05,SMC-GP-1407,General practice,Levofloxacin 500 mg Tablets,6 tab
2026-08-29,PH-05,SMC-GP-1407,General practice,Monocef-O 200,10 tab
2026-08-29,PH-05,SMC-GP-1407,General practice,Nitrofurantoin 100 mg Capsules,5 cap
2026-08-29,PH-05,SMC-GP-1518,General practice,Wymox 500 Capsule,6 tab
2026-08-29,PH-05,SMC-GP-1555,General practice,Moxileb 250 DT,10 tab
2026-08-29,PH-05,SMC-GP-1555,General practice,Cefuroxime 500 mg Tablets,1 strip
2026-08-29,PH-05,SMC-GP-1666,General practice,Cefixime 200 mg + Ofloxacin 200 mg Tablets,10 tab
2026-08-29,PH-05,SMC-PD-1740,Paediatrics,Doxycycline 100 mg Capsules,5 cap
2026-08-29,PH-05,SMC-PD-1777,Paediatrics,Levofloxacin 500 mg Tablets,1 strip
2026-08-29,PH-05,SMC-PD-1777,Paediatrics,Amoxycillin 500 mg Capsules,14 cap
2026-08-29,PH-05,SMC-PD-1777,Paediatrics,Amoxycillin 500 mg Capsules,1 strip
2026-08-29,PH-06,SMC-EN-1962,ENT,Clavam 625,6 tab
2026-08-29,PH-06,SMC-EN-2036,ENT,Cephalexin 500 mg Capsules,6 tab
2026-08-29,PH-06,SMC-EN-2036,ENT,Wymox 500 Capsule,14 cap
2026-08-29,PH-06,SMC-EN-2036,ENT,Amoxycillin 500 mg Capsules,14 cap
2026-08-29,PH-07,SMC-EN-2110,ENT,Amoxycillin 500 mg + Potassium Clavulanate 125 mg Tablets,6 tab
2026-08-29,PH-07,SMC-GP-1148,General practice,Levofloxacin 500 mg Tablets,6 tab
2026-08-29,PH-07,SMC-GP-1185,General practice,Taxim-O 200 Tablet,15 cap
2026-08-29,PH-07,SMC-GP-1185,General practice,Azithromycin 500 mg Tablets,1 strip
2026-08-29,PH-08,SMC-EN-1999,ENT,Amoxycillin 500 mg + Potassium Clavulanate 125 mg Tablets,10 tab
2026-08-29,PH-08,SMC-EN-2036,ENT,Amoxycillin 500 mg + Potassium Clavulanate 125 mg Tablets,6 tab
2026-08-29,PH-08,SMC-GP-1629,General practice,Cefixime 200 mg Tablets IP,14 cap
2026-08-29,PH-08,SMC-PD-1703,Paediatrics,Clavam 625,1 strip
2026-08-29,PH-08,SMC-PD-1703,Paediatrics,Moxileb 250 DT,10 tab
2026-08-29,PH-08,SMC-PD-1740,Paediatrics,Cephalexin 500 mg Capsules,6 tab
2026-08-29,PH-09,SMC-GP-1037,General practice,Amoxycillin 500 mg Capsules,1 strip
2026-08-29,PH-09,SMC-GP-1037,General practice,Cefixime 200 mg Tablets IP,3 tab
2026-08-29,PH-09,SMC-GP-1074,General practice,Wymox 500 Capsule,6 tab
2026-08-29,PH-09,SMC-GP-1185,General practice,Cephalexin 500 mg Capsules,6 tab
2026-08-29,PH-09,SMC-GP-1481,General practice,Cephalexin 500 mg Capsules,6 tab
2026-08-29,PH-09,SMC-PD-1851,Paediatrics,Cefixime 200 mg Tablets IP,3 tab
2026-08-29,PH-09,SMC-PD-1925,Paediatrics,Cefixime 200 mg Tablets IP,5 cap
2026-08-29,PH-10,SMC-GP-1074,General practice,Cefuroxime 500 mg Tablets,5 cap
2026-08-29,PH-10,SMC-GP-1481,General practice,Cephalexin 500 mg Capsules,1 strip
2026-08-29,PH-10,SMC-PD-1777,Paediatrics,Amoxycillin 500 mg + Potassium Clavulanate 125 mg Tablets,10 tab
2026-08-29,PH-11,SMC-GP-1555,General practice,Amoxycillin 500 mg Capsules,14 cap
2026-08-29,PH-12,SMC-EN-2036,ENT,Amoxycillin 500 mg Capsules,15 cap
2026-08-29,PH-12,SMC-EN-2036,ENT,Moxileb 250 DT,10 tab
2026-08-29,PH-12,SMC-GP-1185,General practice,Taxim-O 200 Tablet,5 cap
2026-08-29,PH-12,SMC-GP-1444,General practice,Nitrofurantoin 100 mg Capsules,5 cap
2026-08-29,PH-12,SMC-GP-1666,General practice,Nitrofurantoin 100 mg Capsules,14 cap
2026-08-29,PH-12,SMC-GP-1666,General practice,Cefuroxime 500 mg Tablets,3 tab
2026-08-30,PH-01,,Unregistered,Ciprofloxacin 500 mg Tablets,10 tab
2026-08-30,PH-01,SMC-EN-1962,ENT,Azithromycin 500 mg Tablets,10 tab
2026-08-30,PH-01,SMC-GP-1629,General practice,Cephalexin 500 mg Capsules,5 cap
2026-08-30,PH-02,SMC-GP-1259,General practice,Cephalexin 500 mg Capsules,15 cap
2026-08-30,PH-03,SMC-GP-1111,General practice,Ofloxacin 200 mg Tablets,14 cap
2026-08-30,PH-03,SMC-GP-1111,General practice,Amoxycillin 500 mg + Potassium Clavulanate 125 mg Tablets,5 cap
2026-08-30,PH-03,SMC-GP-1259,General practice,Moxileb 250 DT,1 strip
2026-08-30,PH-04,,Unregistered,Moxileb 250 DT,5 cap
2026-08-30,PH-04,,Unregistered,Monocef-O 200,6 tab
2026-08-30,PH-04,SMC-EN-1999,ENT,Amoxycillin 500 mg + Potassium Clavulanate 125 mg Tablets,14 cap
2026-08-30,PH-05,SMC-EN-1962,ENT,Nitrofurantoin 100 mg Capsules,3 tab
2026-08-30,PH-05,SMC-GP-1111,General practice,Amoxycillin 500 mg Capsules,15 cap
2026-08-30,PH-05,SMC-GP-1148,General practice,Cephalexin 500 mg Capsules,14 cap
2026-08-30,PH-05,SMC-GP-1407,General practice,Azithromycin 500 mg Tablets,15 cap
2026-08-30,PH-05,SMC-GP-1518,General practice,Ofloxacin 200 mg Tablets,3 tab
2026-08-30,PH-05,SMC-GP-1518,General practice,Azithromycin 500 mg Tablets,5 cap
2026-08-30,PH-05,SMC-GP-1592,General practice,Cefuroxime 500 mg Tablets,5 cap
2026-08-30,PH-05,SMC-GP-1629,General practice,Moxileb 250 DT,3 tab
2026-08-30,PH-05,SMC-GP-1666,General practice,Cefuroxime 500 mg Tablets,14 cap
2026-08-30,PH-05,SMC-PD-1740,Paediatrics,Levofloxacin 500 mg Tablets,6 tab
2026-08-30,PH-05,SMC-PD-1740,Paediatrics,Amoxycillin 500 mg Capsules,10 tab
2026-08-30,PH-06,,Unregistered,Amoxycillin 500 mg Capsules,3 tab
2026-08-30,PH-06,SMC-EN-2036,ENT,Moxileb 250 DT,14 cap
2026-08-30,PH-06,SMC-GP-1111,General practice,Cefixime 200 mg Tablets IP,10 tab
2026-08-30,PH-06,SMC-GP-1444,General practice,Monocef-O 200,10 tab
2026-08-30,PH-07,,Unregistered,Ofloxacin 200mg & Ornidazole 500mg Tab,1 strip
2026-08-30,PH-07,SMC-EN-2073,ENT,Amoxycillin 500 mg Capsules,6 tab
2026-08-30,PH-07,SMC-EN-2110,ENT,Taxim-O 200 Tablet,14 cap
2026-08-30,PH-07,SMC-GP-1148,General practice,Ofloxacin 200 mg Tablets,15 cap
2026-08-30,PH-07,SMC-GP-1148,General practice,Amoxycillin 500 mg + Potassium Clavulanate 125 mg Tablets,6 tab
2026-08-30,PH-07,SMC-GP-1185,General practice,Amoxycillin 500 mg + Potassium Clavulanate 125 mg Tablets,14 cap
2026-08-30,PH-07,SMC-PD-1814,Paediatrics,Nitrofurantoin 100 mg Capsules,3 tab
2026-08-30,PH-08,,Unregistered,Ofloxacin 200 mg Tablets,10 tab
2026-08-30,PH-08,SMC-EN-2036,ENT,Doxycycline 100 mg Capsules,3 tab
2026-08-30,PH-08,SMC-GP-1407,General practice,Doxycycline 100 mg Capsules,10 tab
2026-08-30,PH-08,SMC-GP-1407,General practice,Doxycycline 100 mg Capsules,1 strip
2026-08-30,PH-08,SMC-GP-1407,General practice,Clarithromycin 500 mg Tablets,14 cap
2026-08-30,PH-08,SMC-PD-1703,Paediatrics,Ofloxacin 200 mg Tablets,10 tab
2026-08-30,PH-08,SMC-PD-1703,Paediatrics,Moxileb 250 DT,5 cap
2026-08-30,PH-09,SMC-EN-1999,ENT,Nitrofurantoin 100 mg Capsules,5 cap
2026-08-30,PH-09,SMC-GP-1074,General practice,Ofloxacin 200mg & Ornidazole 500mg Tab,3 tab
2026-08-30,PH-09,SMC-GP-1148,General practice,Ofloxacin 200 mg Tablets,5 cap
2026-08-30,PH-10,SMC-EN-2110,ENT,Clarithromycin 500 mg Tablets,14 cap
2026-08-30,PH-10,SMC-GP-1407,General practice,Cefuroxime 500 mg Tablets,1 strip
2026-08-30,PH-10,SMC-GP-1407,General practice,Nitrofurantoin 100 mg Capsules,5 cap
2026-08-30,PH-10,SMC-GP-1481,General practice,Moxileb 250 DT,5 cap
2026-08-30,PH-10,SMC-PD-1814,Paediatrics,Monocef-O 200,14 cap
2026-08-30,PH-11,SMC-GP-1333,General practice,Levofloxacin 500 mg Tablets,1 strip
2026-08-30,PH-11,SMC-GP-1555,General practice,Clavam 625,10 tab
2026-08-30,PH-12,SMC-EN-2036,ENT,Cephalexin 500 mg Capsules,6 tab
2026-08-30,PH-12,SMC-EN-2036,ENT,Amoxycillin 500 mg + Potassium Clavulanate 125 mg Tablets,3 tab
2026-08-30,PH-12,SMC-GP-1518,General practice,Levofloxacin 500 mg Tablets,14 cap
2026-08-30,PH-12,SMC-GP-1555,General practice,Nitrofurantoin 100 mg Capsules,10 tab
2026-08-30,PH-12,SMC-GP-1555,General practice,Doxycycline 100 mg Capsules,3 tab
2026-08-30,PH-12,SMC-GP-1666,General practice,Taxim-O 200 Tablet,6 tab
2026-08-30,PH-12,SMC-PD-1888,Paediatrics,Nitrofurantoin 100 mg Capsules,15 cap
2026-08-31,PH-02,,Unregistered,Amoxycillin 500 mg Capsules,5 cap
2026-08-31,PH-02,SMC-GP-1259,General practice,Ciprofloxacin 500 mg Tablets,3 tab
2026-08-31,PH-02,SMC-PD-1777,Paediatrics,Doxycycline 100 mg Capsules,5 cap
2026-08-31,PH-02,SMC-PD-1851,Paediatrics,Moxileb 250 DT,6 tab
2026-08-31,PH-03,SMC-GP-1259,General practice,Taxim-O 200 Tablet,1 strip
2026-08-31,PH-03,SMC-GP-1333,General practice,Levofloxacin 500 mg Tablets,5 cap
2026-08-31,PH-04,SMC-EN-1999,ENT,Nitrofurantoin 100 mg Capsules,10 tab
2026-08-31,PH-04,SMC-EN-1999,ENT,Zifi 200 Tablet,6 tab
2026-08-31,PH-04,SMC-PD-1925,Paediatrics,Wymox 500 Capsule,14 cap
2026-08-31,PH-05,SMC-EN-2110,ENT,Nitrofurantoin 100 mg Capsules,1 strip
2026-08-31,PH-05,SMC-GP-1111,General practice,Nitrofurantoin 100 mg Capsules,5 cap
2026-08-31,PH-05,SMC-GP-1148,General practice,Azithromycin 500 mg Tablets,6 tab
2026-08-31,PH-05,SMC-GP-1555,General practice,Moxileb 250 DT,5 cap
2026-08-31,PH-05,SMC-GP-1555,General practice,Doxycycline 100 mg Capsules,3 tab
2026-08-31,PH-05,SMC-PD-1740,Paediatrics,Azithromycin 500 mg Tablets,5 cap
2026-08-31,PH-05,SMC-PD-1851,Paediatrics,Wymox 500 Capsule,1 strip
2026-08-31,PH-05,SMC-PD-1851,Paediatrics,Monocef-O 200,14 cap
2026-08-31,PH-06,SMC-EN-2036,ENT,Cephalexin 500 mg Capsules,5 cap
2026-08-31,PH-07,SMC-EN-2110,ENT,Doxycycline 100 mg Capsules,5 cap
2026-08-31,PH-07,SMC-GP-1185,General practice,Ciprofloxacin 500 mg Tablets,6 tab
2026-08-31,PH-07,SMC-GP-1259,General practice,Monocef-O 200,5 cap
2026-08-31,PH-07,SMC-GP-1481,General practice,Clavam 625,1 strip
2026-08-31,PH-08,SMC-EN-2036,ENT,Nitrofurantoin 100 mg Capsules,5 cap
2026-08-31,PH-08,SMC-GP-1629,General practice,Wymox 500 Capsule,10 tab
2026-08-31,PH-08,SMC-PD-1703,Paediatrics,Moxileb 250 DT,14 cap
2026-08-31,PH-09,SMC-EN-1999,ENT,Clavam 625,3 tab
2026-08-31,PH-09,SMC-GP-1074,General practice,Doxycycline 100 mg Capsules,15 cap
2026-08-31,PH-09,SMC-GP-1074,General practice,Cefuroxime 500 mg Tablets,1 strip
2026-08-31,PH-09,SMC-GP-1185,General practice,Cefixime 200 mg Tablets IP,6 tab
2026-08-31,PH-09,SMC-GP-1185,General practice,Monocef-O 200,3 tab
2026-08-31,PH-09,SMC-PD-1851,Paediatrics,Azithromycin 500 mg Tablets,10 tab
2026-08-31,PH-09,SMC-PD-1851,Paediatrics,Nitrofurantoin 100 mg Capsules,14 cap
2026-08-31,PH-10,SMC-GP-1074,General practice,Wymox 500 Capsule,1 strip
2026-08-31,PH-10,SMC-GP-1074,General practice,Azithromycin 500 mg Tablets,15 cap
2026-08-31,PH-10,SMC-GP-1407,General practice,Nitrofurantoin 100 mg Capsules,15 cap
2026-08-31,PH-10,SMC-GP-1481,General practice,Taxim-O 200 Tablet,5 cap
2026-08-31,PH-10,SMC-PD-1814,Paediatrics,Taxim-O 200 Tablet,14 cap
2026-08-31,PH-11,SMC-GP-1222,General practice,Nitrofurantoin 100 mg Capsules,1 strip
2026-08-31,PH-11,SMC-GP-1222,General practice,Amoxycillin 500 mg Capsules,1 strip
2026-08-31,PH-11,SMC-GP-1222,General practice,Nitrofurantoin 100 mg Capsules,14 cap
2026-08-31,PH-11,SMC-GP-1555,General practice,Ofloxacin 200 mg Tablets,3 tab
2026-08-31,PH-11,SMC-PD-1814,Paediatrics,Cephalexin 500 mg Capsules,5 cap
2026-08-31,PH-12,,Unregistered,Cefixime 200 mg Tablets IP,14 cap
2026-08-31,PH-12,SMC-EN-2036,ENT,Amoxycillin 500 mg + Potassium Clavulanate 125 mg Tablets,10 tab
2026-08-31,PH-12,SMC-GP-1222,General practice,Nitrofurantoin 100 mg Capsules,14 cap
2026-08-31,PH-12,SMC-GP-1444,General practice,Moxileb 250 DT,5 cap
2026-08-31,PH-12,SMC-GP-1555,General practice,Amoxycillin 500 mg Capsules,10 tab
2026-08-31,PH-12,SMC-PD-1888,Paediatrics,Amoxycillin 500 mg + Potassium Clavulanate 125 mg Tablets,6 tab
